School Name,Latitude,Longitude,LGA
Abbotsford Primary School,-37.80898,144.99881,Yarra (C)
Aberfeldie Primary School,-37.75649,144.89477,Moonee Valley (C)
Ainslie Parklands Primary School,-37.79379,145.26424,Maroondah (C)
Aintree Primary School,-37.7238,144.66623,Melton (C)
Aireys Inlet Primary School,-38.45737,144.10997,Surf Coast (S)
Airly Primary School,-38.02571,147.1139,Wellington (S)
Aitken Creek Primary School,-37.58175,144.90557,Hume (C)
Aitken Hill Primary School,-37.60171,144.90556,Hume (C)
Albanvale Primary School,-37.74402,144.77442,Brimbank (C)
Albany Rise Primary School,-37.92812,145.17289,Monash (C)
Albert Park Primary School,-37.84188,144.95277,Port Phillip (C)
Alberton Primary School,-38.61771,146.6666,Wellington (S)
Albion North Primary School,-37.76212,144.82304,Brimbank (C)
Albion Primary School,-37.77808,144.81975,Brimbank (C)
Aldercourt Primary School,-38.11662,145.16162,Frankston (C)
Alexandra Primary School,-37.19257,145.7117,Murrindindi (S)
Alfredton Primary School,-37.5548,143.8021,Ballarat (C)
All Saints Parish School,-38.35947,141.59279,Glenelg (S)
Allansford and District Primary School,-38.38628,142.59039,Warrnambool (C)
Alphington Primary School,-37.78352,145.03201,Yarra (C)
Altona Green Primary School,-37.88677,144.78492,Hobsons Bay (C)
Altona Meadows Primary School,-37.86869,144.77973,Hobsons Bay (C)
Altona North Primary School,-37.83698,144.84917,Hobsons Bay (C)
Altona Primary School,-37.86771,144.82274,Hobsons Bay (C)
Alvie Primary School,-38.2419,143.50332,Colac-Otway (S)
Amphitheatre Primary School,-37.18413,143.39924,Pyrenees (S)
Amsleigh Park Primary School,-37.90032,145.10878,Monash (C)
Anakie Primary School,-37.91267,144.25511,Greater Geelong (C)
Andersons Creek Primary School,-37.74822,145.20768,Manningham (C)
Anglesea Primary School,-38.39678,144.19184,Surf Coast (S)
Annunciation School,-37.82099,144.84796,Hobsons Bay (C)
Antonio Park Primary School,-37.81619,145.206,Whitehorse (C)
Apollo Parkways Primary School,-37.68739,145.10987,Nillumbik (S)
Appin Park Primary School,-36.34159,146.30071,Wangaratta (RC)
Apsley Primary School,-36.97371,141.08249,West Wimmera (S)
Araluen Primary School,-38.10805,147.08906,Wellington (S)
Ararat North Primary School,-37.27465,142.94005,Ararat (RC)
Ararat Primary School,-37.28594,142.93731,Ararat (RC)
Ararat West Primary School,-37.27736,142.921,Ararat (RC)
Ardeer Primary School,-37.78107,144.80049,Brimbank (C)
Ardeer South Primary School,-37.7884,144.799,Brimbank (C)
Ardmona Primary School,-36.38546,145.31307,Greater Shepparton (C)
Armadale Primary School,-37.85219,145.01777,Stonnington (C)
Armstrong Creek School,-38.23261,144.36731,Greater Geelong (C)
Arnolds Creek Primary School,-37.66636,144.54286,Melton (C)
Arthurs Creek Primary School,-37.579,145.2025,Nillumbik (S)
Ascot Vale Primary School,-37.77432,144.92612,Moonee Valley (C)
Ascot Vale West Primary School,-37.78068,144.91112,Moonee Valley (C)
Ashburton Primary School,-37.8622,145.08362,Boroondara (C)
Ashby Primary School,-38.13856,144.3471,Greater Geelong (C)
Ashley Park Primary School,-37.61564,145.12728,Whittlesea (C)
Aspendale Gardens Primary School,-38.02251,145.1168,Kingston (C)
Aspendale Primary School,-38.02027,145.09976,Kingston (C)
Athol Road Primary School,-37.97105,145.14997,Greater Dandenong (C)
Auburn Primary School,-37.82028,145.05048,Boroondara (C)
Auburn South Primary School,-37.83926,145.04589,Boroondara (C)
Australian Islamic Centre College,-37.8465,144.86247,Hobsons Bay (C)
Avenel Primary School,-36.90137,145.23472,Strathbogie (S)
Avoca Primary School,-37.0845,143.47565,Pyrenees (S)
Avondale Primary School,-37.76784,144.86085,Moonee Valley (C)
Axedale Primary School,-36.78623,144.50146,Greater Bendigo (C)
Bacchus Marsh Primary School,-37.67303,144.44312,Moorabool (S)
Badger Creek Primary School,-37.68134,145.53324,Yarra Ranges (S)
Bairnsdale Primary School,-37.82742,147.62323,East Gippsland (S)
Bairnsdale West Primary School,-37.82454,147.6081,East Gippsland (S)
Ballam Park Primary School,-38.14746,145.15828,Frankston (C)
Ballan Primary School,-37.60168,144.2311,Moorabool (S)
Ballarat North Primary School,-37.5401,143.86281,Ballarat (C)
Ballarat Primary School (Dana Street),-37.56401,143.85394,Ballarat (C)
Ballarat Steiner School,-37.64076,143.8622,Ballarat (C)
Balliang East Primary School,-37.79498,144.41535,Moorabool (S)
Balnarring Primary School,-38.37672,145.12282,Mornington Peninsula (S)
Balwyn North Primary School,-37.7967,145.07704,Boroondara (C)
Balwyn Primary School,-37.81394,145.08138,Boroondara (C)
Bandiana Primary School,-36.15296,146.92714,Wodonga (C)
Banum Warrik Primary School,-37.52093,144.95485,Hume (C)
Banyan Fields Primary School,-38.0946,145.18791,Frankston (C)
Banyule Primary School,-37.74361,145.07794,Banyule (C)
Baranduda Primary School,-36.18053,146.94812,Wodonga (C)
Barnawartha Primary School,-36.10131,146.67589,Indigo (S)
Barrawang Primary School,-37.59795,144.99354,Whittlesea (C)
Barton Primary School,-38.11498,145.23902,Casey (C)
Barwon Heads Primary School,-38.28119,144.48704,Greater Geelong (C)
Bass Valley Primary School,-38.43123,145.48877,Bass Coast (S)
Baxter Primary School,-38.19966,145.18155,Mornington Peninsula (S)
Bayles Regional Primary School,-38.17604,145.56603,Cardinia (S)
Bayswater North Primary School,-37.8288,145.29562,Maroondah (C)
Bayswater Primary School,-37.8433,145.25936,Knox (C)
Bayswater South Primary School,-37.8549,145.26135,Knox (C)
Bayswater West Primary School,-37.84907,145.25305,Knox (C)
Beaconsfield Primary School,-38.04863,145.37164,Cardinia (S)
Beaconsfield Upper Primary School,-37.9954,145.41476,Cardinia (S)
Bealiba Primary School,-36.78994,143.5519,Central Goldfields (S)
Beaufort Primary School,-37.43852,143.38172,Pyrenees (S)
Beaumaris North Primary School,-37.97424,145.03661,Bayside (C)
Beaumaris Primary School,-37.98527,145.03759,Bayside (C)
Beeac Primary School,-38.19397,143.64428,Colac-Otway (S)
Beechworth Montessori School,-36.36669,146.69353,Indigo (S)
Beechworth Primary School,-36.35543,146.69357,Indigo (S)
Belgrave South Primary School,-37.9312,145.35792,Yarra Ranges (S)
Bell Park North Primary School,-38.10589,144.33602,Greater Geelong (C)
Bell Primary School,-37.7477,144.99061,Darebin (C)
Bellaire Primary School,-38.17959,144.31977,Greater Geelong (C)
Bellbrae Primary School,-38.33364,144.263,Surf Coast (S)
Bellbridge Primary School,-37.87108,144.71078,Wyndham (C)
Belle Vue Park Primary School,-37.7012,144.94394,Merri-bek (C)
Belle Vue Primary School,-37.78252,145.07865,Boroondara (C)
Belmont Primary School,-38.17067,144.3421,Greater Geelong (C)
Belvedere Park Primary School,-38.10984,145.14693,Frankston (C)
Bendigo Primary School,-36.75702,144.26524,Greater Bendigo (C)
Bentleigh West Primary School,-37.92059,145.02677,Glen Eira (C)
Benton Junior College,-38.24595,145.06111,Mornington Peninsula (S)
Berwick Chase Primary School,-38.06743,145.34696,Casey (C)
Berwick Fields Primary School,-38.04874,145.33439,Casey (C)
Berwick Lodge Primary School,-38.03114,145.32743,Casey (C)
Berwick Primary School,-38.04409,145.35442,Casey (C)
Bethal Primary School,-37.6592,144.91782,Hume (C)
Bethanga Primary School,-36.12064,147.09576,Towong (S)
Bethany Catholic Primary School,-37.87559,144.65866,Wyndham (C)
Beulah Primary School,-35.94494,142.41826,Yarriambiack (S)
Beverford District Primary School,-35.23248,143.47891,Swan Hill (RC)
Beveridge Primary School,-37.47206,144.97776,Mitchell (S)
Beverley Hills Primary School,-37.79624,145.15984,Manningham (C)
Big Hill Primary School,-36.83058,144.24247,Greater Bendigo (C)
Billanook Primary School,-37.82495,145.33925,Yarra Ranges (S)
Bimbadeen Heights Primary School,-37.77376,145.32114,Yarra Ranges (S)
Binap Primary School,-37.70113,144.54454,Melton (C)
Birmingham Primary School,-37.77958,145.36852,Yarra Ranges (S)
Birralee Primary School,-37.79342,145.11335,Manningham (C)
Birregurra Primary School,-38.34046,143.78651,Colac-Otway (S)
Bittern Primary School,-38.33986,145.17168,Mornington Peninsula (S)
Black Hill Primary School,-37.54984,143.86978,Ballarat (C)
Black Rock Primary School,-37.96987,145.02165,Bayside (C)
Blackburn Lake Primary School,-37.8276,145.1661,Whitehorse (C)
Blackburn Primary School,-37.81657,145.1567,Whitehorse (C)
Boisdale Consolidated School,-37.87959,146.97947,Wellington (S)
Bolinda Primary School,-37.43373,144.7454,Macedon Ranges (S)
Bolwarra Primary School,-38.28161,141.6138,Glenelg (S)
Bona Vista Primary School,-38.21052,145.95991,Baw Baw (S)
Bonbeach Primary School,-38.06649,145.12564,Kingston (C)
Boneo Primary School,-38.41198,144.88711,Mornington Peninsula (S)
Boolarra Primary School,-38.38287,146.26887,Latrobe (C)
Boronia Heights Primary School,-37.84457,145.29648,Knox (C)
Boronia West Primary School,-37.85856,145.27848,Knox (C)
Boroondara Park Primary School,-37.78944,145.08789,Boroondara (C)
Botanic Ridge Primary School,-38.15007,145.28805,Casey (C)
Bourchier Street Primary School Shepparton,-36.36654,145.41297,Greater Shepparton (C)
Box Hill North Primary School,-37.80079,145.12331,Whitehorse (C)
Brandon Park Primary School,-37.91432,145.17325,Monash (C)
Branxholme-Wallacedale Community School,-37.85635,141.79872,Southern Grampians (S)
Brentwood Park Primary School,-38.05298,145.34777,Casey (C)
Briagolong Primary School,-37.8428,147.06784,Wellington (S)
Briar Hill Primary School,-37.70831,145.11622,Banyule (C)
Bridgewater Primary School,-36.6031,143.94592,Loddon (S)
Bridgewood Primary School,-38.07195,145.41966,Cardinia (S)
Brighton Beach Primary School,-37.9221,144.99611,Bayside (C)
Brighton Primary School,-37.91221,145.00108,Bayside (C)
Broadford Primary School,-37.20257,145.0463,Mitchell (S)
Broadmeadows Primary School,-37.68019,144.92849,Hume (C)
Broadmeadows Valley Primary School,-37.6814,144.9141,Hume (C)
Broken Creek Primary School,-36.42328,145.88923,Benalla (RC)
Brunswick East Primary School,-37.76527,144.98,Merri-bek (C)
Brunswick North Primary School,-37.75984,144.95043,Merri-bek (C)
Brunswick North West Primary School,-37.75671,144.94359,Merri-bek (C)
Brunswick South Primary School,-37.7787,144.97254,Merri-bek (C)
Brunswick South West Primary School,-37.77058,144.94352,Merri-bek (C)
Bruthen Primary School,-37.70421,147.83349,East Gippsland (S)
Buangor Primary School,-37.36404,143.17502,Ararat (RC)
Buchan Primary School,-37.49774,148.18082,East Gippsland (S)
Bullarto Primary School,-37.40538,144.21822,Hepburn (S)
Buln Buln Primary School,-38.09935,145.93817,Baw Baw (S)
Bundalaguah Primary School,-38.0235,147.0121,Wellington (S)
Bundarra Primary School,-38.36224,141.59245,Glenelg (S)
Bundoora Primary School,-37.70734,145.06299,Banyule (C)
Bungaree Primary School,-37.55759,144.0071,Moorabool (S)
Buninyong Primary School,-37.65423,143.88625,Ballarat (C)
Bunyip Primary School,-38.09884,145.71251,Cardinia (S)
Burnside Primary School,-37.74566,144.75289,Melton (C)
Burwood East Primary School,-37.85973,145.15181,Whitehorse (C)
Burwood Heights Primary School,-37.84675,145.16328,Whitehorse (C)
Buxton Primary School,-37.4214,145.70905,Murrindindi (S)
Cairnlea Park Primary School,-37.75885,144.788,Brimbank (C)
Caledonian Primary School,-37.55542,143.89424,Ballarat (C)
California Gully Primary School,-36.73321,144.24986,Greater Bendigo (C)
Camberwell Primary School,-37.83268,145.05805,Boroondara (C)
Camberwell South Primary School,-37.8479,145.06261,Boroondara (C)
Cambridge Primary School,-37.86739,144.67569,Wyndham (C)
Camelot Rise Primary School,-37.86528,145.18777,Monash (C)
Camp Hill Primary School,-36.75571,144.27804,Greater Bendigo (C)
Campbellfield Heights Primary School,-37.67433,144.96587,Hume (C)
Campbells Creek Primary School,-37.09293,144.20466,Mount Alexander (S)
Cana Catholic Primary School,-37.68792,144.74715,Melton (C)
Canadian Lead Primary School,-37.57297,143.87591,Ballarat (C)
Canterbury Primary School,-37.83096,145.08314,Boroondara (C)
Cape Clear Primary School,-37.79196,143.60821,Golden Plains (S)
Cardinia Primary School,-38.1458,145.42377,Cardinia (S)
Cardross Primary School,-34.28801,142.14504,Mildura (RC)
Carisbrook Primary School,-37.05206,143.81266,Central Goldfields (S)
Carlisle River Primary School,-38.56393,143.39503,Colac-Otway (S)
Carlton Gardens Primary School,-37.80205,144.96951,Melbourne (C)
Carlton North Primary School,-37.79106,144.97303,Yarra (C)
Carlton Primary School,-37.7956,144.97045,Melbourne (C)
Carnegie Primary School,-37.89074,145.0545,Glen Eira (C)
Carraragarmungee Primary School,-36.3289,146.46086,Wangaratta (RC)
Carrington Primary School,-37.89148,145.24649,Knox (C)
Carrum Primary School,-38.07812,145.1267,Kingston (C)
Casey Fields Primary School,-38.12014,145.29841,Casey (C)
Casterton Primary School,-37.58655,141.4052,Glenelg (S)
Castlemaine North Primary School,-37.05783,144.21899,Mount Alexander (S)
Castlemaine Primary School,-37.0666,144.22233,Mount Alexander (S)
Caulfield Junior College,-37.87211,145.02156,Glen Eira (C)
Caulfield Primary School,-37.88805,145.02003,Glen Eira (C)
Caulfield South Primary School,-37.89525,145.0308,Glen Eira (C)
Cavendish Primary School,-37.53087,142.03989,Southern Grampians (S)
Ceres Primary School,-38.17355,144.26673,Greater Geelong (C)
Chalcot Lodge Primary School,-37.96973,145.2477,Casey (C)
Chandler Park Primary School,-37.9924,145.18048,Greater Dandenong (C)
Chatham Primary School,-37.81765,145.0916,Boroondara (C)
Chelsea Heights Primary School,-38.04502,145.13806,Kingston (C)
Chelsea Primary School,-38.05489,145.12231,Kingston (C)
Cheltenham East Primary School,-37.96526,145.06835,Kingston (C)
Cheltenham Primary School,-37.96861,145.05463,Bayside (C)
Chewton Primary School,-37.08233,144.26116,Mount Alexander (S)
Chiltern Primary School,-36.14707,146.6066,Indigo (S)
Chilwell Primary School,-38.15511,144.34538,Greater Geelong (C)
Chirnside Park Primary School,-37.75007,145.31134,Yarra Ranges (S)
Christ Church Grammar School,-37.83895,144.98574,Melbourne (C)
Christ Our Holy Redeemer School,-37.89616,145.10575,Monash (C)
Christ the King Primary School,-37.78761,144.86196,Maribyrnong (C)
Christ the King School,-38.16655,144.3931,Greater Geelong (C)
Christ the Priest Catholic Primary School,-37.74772,144.73744,Melton (C)
Christmas Hills Primary School,-37.65352,145.3042,Nillumbik (S)
Chum Creek Primary School,-37.60596,145.48925,Yarra Ranges (S)
Churchill North Primary School,-38.30464,146.41695,Latrobe (C)
Churchill Primary School,-38.3111,146.41542,Latrobe (C)
Clairvaux Catholic School,-38.18552,144.3249,Greater Geelong (C)
Clarinda Primary School,-37.927,145.10292,Kingston (C)
Clayton North Primary School,-37.91194,145.12267,Monash (C)
Clayton South Primary School,-37.94048,145.11644,Kingston (C)
Clifton Creek Primary School,-37.70208,147.65939,East Gippsland (S)
Clifton Hill Primary School,-37.79231,144.98925,Yarra (C)
Clifton Springs Primary School,-38.16566,144.55314,Greater Geelong (C)
Clunes Primary School,-37.29075,143.79211,Hepburn (S)
Clyde Creek Primary School,-38.12299,145.33155,Casey (C)
Clyde Grammar,-38.10602,145.37876,Casey (C)
Clyde Primary School,-38.13232,145.32639,Casey (C)
Coatesville Primary School,-37.92008,145.07363,Glen Eira (C)
Cobains Primary School,-38.07479,147.13228,Wellington (S)
Cobden Primary School,-38.32712,143.07812,Corangamite (S)
Cobram Primary School,-35.92511,145.6511,Moira (S)
Coburg North Primary School,-37.73617,144.95185,Merri-bek (C)
Coburg Primary School,-37.7413,144.96821,Merri-bek (C)
Coburg West Primary School,-37.74715,144.94762,Merri-bek (C)
Coburn Primary School,-37.69487,144.57266,Melton (C)
Cockatoo Primary School,-37.93937,145.49638,Cardinia (S)
Cohuna Consolidated School,-35.80632,144.21342,Gannawarra (S)
Coimadai Primary School,-37.61379,144.47831,Moorabool (S)
Colac Primary School,-38.33722,143.59834,Colac-Otway (S)
Colac South West Primary School,-38.34363,143.57203,Colac-Otway (S)
Colac West Primary School,-38.33642,143.57975,Colac-Otway (S)
Colbinabbin Primary School,-36.58988,144.80166,Campaspe (S)
Coldstream Primary School,-37.73256,145.38271,Yarra Ranges (S)
Coleraine Primary School,-37.60184,141.68404,Southern Grampians (S)
Columba Catholic School,-38.09326,145.71586,Cardinia (S)
Concongella Primary School,-37.04956,142.82232,Northern Grampians (S)
Congupna Primary School,-36.29987,145.43428,Greater Shepparton (C)
Coolaroo South Primary School,-37.66206,144.9309,Hume (C)
Coral Park Primary School,-38.04385,145.27435,Casey (C)
Corpus Christi School,-37.80853,144.87292,Maribyrnong (C)
Corpus Christi School,-37.70389,144.9228,Merri-bek (C)
Corpus Christi School,-37.90995,144.66344,Wyndham (C)
Courtenay Gardens Primary School,-38.08012,145.28345,Casey (C)
Cowes Primary School,-38.45628,145.24131,Bass Coast (S)
Cowwarr Primary School,-38.0137,146.69896,Wellington (S)
Craigieburn Primary School,-37.58264,144.93355,Hume (C)
Craigieburn South Primary School,-37.60875,144.93585,Hume (C)
Cranbourne Carlisle Primary School,-38.08753,145.28906,Casey (C)
Cranbourne East Primary School,-38.10628,145.30444,Casey (C)
Cranbourne Park Primary School,-38.10406,145.27775,Casey (C)
Cranbourne Primary School,-38.11186,145.28785,Casey (C)
Cranbourne South Primary School,-38.14794,145.24506,Casey (C)
Cranbourne West Primary School,-38.10271,145.26772,Casey (C)
Creswick North Primary School,-37.40884,143.89082,Hepburn (S)
Creswick Primary School,-37.42411,143.89156,Hepburn (S)
Crib Point Primary School,-38.36048,145.20054,Mornington Peninsula (S)
Croydon Hills Primary School,-37.77668,145.27204,Maroondah (C)
Croydon Primary School,-37.79317,145.28132,Maroondah (C)
Cudgee Primary School,-38.34794,142.65084,Moyne (S)
Dallas Brooks Community Primary School,-37.6703,144.94185,Hume (C)
Dandenong North Primary School,-37.97664,145.21447,Greater Dandenong (C)
Dandenong Primary School,-37.98792,145.21982,Greater Dandenong (C)
Dandenong Ranges Steiner School,-37.95976,145.38821,Cardinia (S)
Dandenong South Primary School,-37.99895,145.21143,Greater Dandenong (C)
Dandenong West Primary School,-37.98074,145.20042,Greater Dandenong (C)
Darley Primary School,-37.65528,144.43691,Moorabool (S)
Darnum Primary School,-38.18773,145.9997,Baw Baw (S)
Darraweit Guim Primary School,-37.40103,144.89357,Macedon Ranges (S)
Dartmoor Primary School,-37.92302,141.27673,Glenelg (S)
Davis Creek Primary School,-37.85588,144.66024,Wyndham (C)
Daylesford Dharma School,-37.34233,144.16595,Hepburn (S)
Daylesford Primary School,-37.3451,144.14156,Hepburn (S)
Deans Marsh Primary School,-38.39988,143.88575,Surf Coast (S)
Deanside Primary School,-37.72176,144.69701,Melton (C)
Debney Meadows Primary School,-37.78598,144.93515,Moonee Valley (C)
Dederang Primary School,-36.46925,147.01531,Alpine (S)
Deepdene Primary School,-37.80837,145.06136,Boroondara (C)
Deer Park North Primary School,-37.75614,144.77403,Brimbank (C)
Deer Park West Primary School,-37.772,144.76444,Brimbank (C)
Delacombe Primary School,-37.58478,143.81853,Ballarat (C)
Derinya Primary School,-38.17444,145.12094,Frankston (C)
Derrimut Primary School,-37.78927,144.7632,Brimbank (C)
Deutsche Schule Melbourne,-37.77883,144.98277,Yarra (C)
Devon Meadows Primary School,-38.16203,145.30138,Casey (C)
Dhurringile Primary School,-36.5432,145.23979,Greater Shepparton (C)
Diamond Creek East Primary School,-37.67419,145.1656,Nillumbik (S)
Diamond Creek Primary School,-37.67185,145.15165,Nillumbik (S)
Diggers Rest Primary School,-37.62263,144.70923,Melton (C)
Dimboola Primary School,-36.45336,142.0304,Hindmarsh (S)
Dingley Primary School,-37.9826,145.1325,Kingston (C)
Dinjerra Primary School,-37.79169,144.85612,Maribyrnong (C)
Docklands Primary School,-37.81271,144.94055,Melbourne (C)
Don Bosco School,-38.02597,145.31501,Casey (C)
Don Valley Primary School,-37.7602,145.58741,Yarra Ranges (S)
Donald Primary School,-36.36721,142.98463,Buloke (S)
Donburn Primary School,-37.78746,145.16552,Manningham (C)
Doncaster Gardens Primary School,-37.78161,145.1479,Manningham (C)
Doncaster Primary School,-37.7868,145.12967,Manningham (C)
Donnybrook Primary School,-37.53707,144.99775,Whittlesea (C)
Donvale Primary School,-37.80041,145.17378,Manningham (C)
Dookie Primary School,-36.33107,145.68279,Greater Shepparton (C)
Doreen Primary School,-37.60601,145.14554,Nillumbik (S)
Dorset Primary School,-37.81008,145.28575,Maroondah (C)
Dromana Primary School,-38.33964,144.95965,Mornington Peninsula (S)
Drouin Primary School,-38.13286,145.85384,Baw Baw (S)
Drouin South Primary School,-38.17057,145.82682,Baw Baw (S)
Drouin West Primary School,-38.08711,145.87172,Baw Baw (S)
Drysdale Primary School,-38.16916,144.57175,Greater Geelong (C)
Dunkeld Consolidated School,-37.63898,142.34037,Southern Grampians (S)
Dunolly Primary School,-36.85155,143.73358,Central Goldfields (S)
Eagle Point Primary School,-37.89245,147.68022,East Gippsland (S)
Eaglehawk North Primary School,-36.70707,144.23727,Greater Bendigo (C)
Eaglehawk Primary School,-36.72058,144.25426,Greater Bendigo (C)
East Bentleigh Primary School,-37.93451,145.06942,Glen Eira (C)
Eastbourne Primary School,-38.37376,144.8835,Mornington Peninsula (S)
Eastwood Primary School,-37.81724,145.25295,Maroondah (C)
Echuca East Primary School,-36.13405,144.76111,Campaspe (S)
Echuca Primary School,-36.1282,144.74746,Campaspe (S)
Echuca Twin Rivers Primary School,-36.13772,144.72467,Campaspe (S)
Edgars Creek Primary School,-37.60984,145.00257,Whittlesea (C)
Edi Upper Primary School,-36.70647,146.44881,Wangaratta (RC)
Edithvale Primary School,-38.03749,145.11297,Kingston (C)
Eildon Primary School,-37.23397,145.90676,Murrindindi (S)
Elliminyt Primary School,-38.36135,143.5837,Colac-Otway (S)
Ellinbank Primary School,-38.24023,145.93563,Baw Baw (S)
Elmore Primary School,-36.4972,144.60891,Greater Bendigo (C)
Elphinstone Primary School,-37.105,144.3329,Mount Alexander (S)
Elsternwick Primary School,-37.89142,144.99729,Bayside (C)
Eltham East Primary School,-37.71143,145.15486,Nillumbik (S)
Eltham North Primary School,-37.70011,145.15087,Nillumbik (S)
Eltham Primary School,-37.72498,145.1478,Nillumbik (S)
Elwood Primary School,-37.8815,144.98836,Port Phillip (C)
Emerald Primary School,-37.93338,145.44243,Cardinia (S)
Emmaus Catholic Primary School,-37.7003,144.77224,Brimbank (C)
Emmaus Catholic Primary School,-37.61258,143.87158,Ballarat (C)
Eppalock Primary School,-36.84177,144.38773,Greater Bendigo (C)
Epping Primary School,-37.64485,145.02559,Whittlesea (C)
Epping Views Primary School,-37.62844,145.02402,Whittlesea (C)
Epsom Primary School,-36.70505,144.31269,Greater Bendigo (C)
Erasmus Primary School,-37.82708,145.03133,Boroondara (C)
Eskdale Primary School,-36.46527,147.25125,Towong (S)
Essendon North Primary School,-37.74152,144.90319,Moonee Valley (C)
Essendon Primary School,-37.7531,144.92104,Moonee Valley (C)
Essex Heights Primary School,-37.86299,145.11564,Monash (C)
Euroa Primary School,-36.75596,145.57208,Strathbogie (S)
Everton Primary School,-36.43532,146.54454,Wangaratta (RC)
Exford Primary School,-37.74529,144.55879,Melton (C)
Eynesbury Primary School,-37.78994,144.54755,Melton (C)
Fairfield Primary School,-37.77799,145.0204,Darebin (C)
Fairhills Primary School,-37.8696,145.2648,Knox (C)
Falls Creek Primary School,-36.86431,147.27976,Unincorporated Vic
Fawkner Primary School,-37.71524,144.97476,Merri-bek (C)
Ferntree Gully North Primary School,-37.87479,145.29942,Knox (C)
Ferny Creek Primary School,-37.88421,145.33473,Yarra Ranges (S)
Findon Primary School,-37.6665,145.05107,Whittlesea (C)
Fish Creek and District Primary School,-38.69475,146.08442,South Gippsland (S)
Fitra Community School,-37.94484,145.13932,Kingston (C)
Fitzroy Community School,-37.78917,144.97981,Yarra (C)
Fitzroy North Primary School,-37.78502,144.98415,Yarra (C)
Fitzroy Primary School,-37.7996,144.98151,Yarra (C)
Fleetwood Primary School,-38.0393,145.3181,Casey (C)
Flemington Primary School,-37.78067,144.93392,Moonee Valley (C)
Flowerdale Primary School,-37.31692,145.29136,Murrindindi (S)
Footscray City Primary School,-37.8064,144.90025,Maribyrnong (C)
Footscray North Primary School,-37.78775,144.88337,Maribyrnong (C)
Footscray Primary School,-37.79838,144.89267,Maribyrnong (C)
Footscray West Primary School,-37.79487,144.87527,Maribyrnong (C)
Forest Street Primary School,-37.52319,143.83543,Ballarat (C)
Forrest Primary School,-38.51629,143.71442,Colac-Otway (S)
Foster Primary School,-38.65734,146.202,South Gippsland (S)
Fountain Gate Primary School,-38.00942,145.2952,Casey (C)
Frankston East Primary School,-38.14663,145.14553,Frankston (C)
Frankston Heights Primary School,-38.16181,145.14717,Frankston (C)
Frankston Primary School,-38.14756,145.12403,Frankston (C)
Freshwater Creek Steiner School,-38.26332,144.27974,Surf Coast (S)
Fyans Park Primary School,-38.1538,144.32686,Greater Geelong (C)
Gaayip-Yagila Primary School,-37.52861,144.90909,Hume (C)
Galilee Regional Catholic Primary School,-37.83616,144.95481,Port Phillip (C)
Gardenvale Primary School,-37.90468,145.01503,Bayside (C)
Garfield Primary School,-38.09056,145.67415,Cardinia (S)
Garrang Wilam Primary School,-37.82878,144.72505,Wyndham (C)
Geelong East Primary School,-38.17551,144.38277,Greater Geelong (C)
Geelong South Primary School,-38.15694,144.35857,Greater Geelong (C)
Gembrook Primary School,-37.95164,145.54532,Cardinia (S)
George Street Primary School - Hamilton,-37.74662,142.0344,Southern Grampians (S)
Ghilgai School,-37.82914,145.31893,Yarra Ranges (S)
Gilgai Plains Primary School,-37.53243,144.95825,Hume (C)
Girgarre Primary School,-36.39811,144.97376,Campaspe (S)
Gisborne Primary School,-37.49086,144.58844,Macedon Ranges (S)
Gladesville Primary School,-37.8111,145.32291,Yarra Ranges (S)
Gladstone Park Primary School,-37.68715,144.88658,Hume (C)
Gladstone Views Primary School,-37.68901,144.89837,Hume (C)
Gladysdale Primary School,-37.82025,145.65099,Yarra Ranges (S)
Glen Huntly Primary School,-37.89377,145.04623,Glen Eira (C)
Glen Iris Primary School,-37.86048,145.06589,Boroondara (C)
Glen Katherine Primary School,-37.68998,145.13984,Banyule (C)
Glen Park Primary School,-37.52478,143.9348,Moorabool (S)
Glen Waverley Primary School,-37.87472,145.16759,Monash (C)
Glen Waverley South Primary School,-37.89686,145.16761,Monash (C)
Glendal Primary School,-37.86708,145.15904,Monash (C)
Glenferrie Primary School,-37.82405,145.03397,Boroondara (C)
Glengala Primary School,-37.79899,144.81407,Brimbank (C)
Glengarry Primary School,-38.12758,146.57134,Latrobe (C)
Glenrowan Primary School,-36.46019,146.22234,Wangaratta (RC)
Glenroy Central Primary School,-37.70428,144.92504,Merri-bek (C)
Glenroy West Primary School,-37.70496,144.90829,Merri-bek (C)
Glowrey Catholic Primary School,-37.61582,145.03178,Whittlesea (C)
Golden Square Primary School,-36.7706,144.2573,Greater Bendigo (C)
Good Samaritan Catholic Primary School,-37.62344,144.93432,Hume (C)
Good Shepherd Lutheran Primary School,-37.78268,145.26862,Maroondah (C)
Good Shepherd School,-37.90812,145.16605,Monash (C)
Goonawarra Primary School,-37.58052,144.75105,Hume (C)
Goornong Primary School,-36.617,144.50468,Greater Bendigo (C)
Gordon Primary School,-37.58385,144.10505,Moorabool (S)
Gormandale And District Primary School,-38.29418,146.70321,Wellington (S)
Gowrie Street Primary School Shepparton,-36.3668,145.39635,Greater Shepparton (C)
Grahamvale Primary School,-36.3572,145.43072,Greater Shepparton (C)
Grasmere Primary School,-38.28599,142.52288,Moyne (S)
Grayling Primary School,-38.08273,145.37283,Casey (C)
Great Ryrie Primary School,-37.8238,145.23763,Maroondah (C)
Great Western Primary School,-37.14851,142.85173,Northern Grampians (S)
Greenhills Primary School,-37.69228,145.11865,Banyule (C)
Greensborough Primary School,-37.70357,145.1005,Banyule (C)
Greenvale Primary School,-37.63983,144.88618,Hume (C)
Greta Valley Primary School,-36.61784,146.23636,Wangaratta (RC)
Grey Street Primary School (Traralgon),-38.19305,146.53712,Latrobe (C)
Greythorn Primary School,-37.80143,145.09596,Boroondara (C)
Grovedale Primary School,-38.19764,144.34776,Greater Geelong (C)
Grovedale West Primary School,-38.20828,144.32895,Greater Geelong (C)
Gunbower Primary School,-35.95463,144.37232,Campaspe (S)
Guthridge Primary School,-38.0957,147.08383,Wellington (S)
Guthrie Street Primary School Shepparton,-36.3985,145.39097,Greater Shepparton (C)
Haddon Primary School,-37.58864,143.72171,Golden Plains (S)
Hallam Primary School,-38.00176,145.25824,Casey (C)
Halls Gap Primary School,-37.13748,142.51743,Northern Grampians (S)
Hamilton (Gray Street) Primary School,-37.74491,142.02138,Southern Grampians (S)
Hamilton North Primary School,-37.72646,141.99515,Southern Grampians (S)
Hamlyn Banks Primary School,-38.11776,144.3271,Greater Geelong (C)
Hampton Park Primary School,-38.03041,145.25289,Casey (C)
Hampton Primary School,-37.93339,145.00348,Bayside (C)
Harcourt Valley Primary School,-37.00297,144.25723,Mount Alexander (S)
Harkaway Primary School,-38.00085,145.34517,Casey (C)
Harrietville Primary School,-36.88771,147.06494,Alpine (S)
Harrisfield Primary School,-37.95444,145.1799,Greater Dandenong (C)
Harston Primary School,-36.46986,145.14175,Greater Shepparton (C)
Hartwell Primary School,-37.84805,145.08447,Boroondara (C)
Harvest Home Primary School,-37.62208,145.00226,Whittlesea (C)
Hastings Primary School,-38.2997,145.18947,Mornington Peninsula (S)
Hawthorn West Primary School,-37.82011,145.01838,Boroondara (C)
Hazelwood North Primary School,-38.26819,146.44768,Latrobe (C)
Healesville Primary School,-37.65713,145.51604,Yarra Ranges (S)
Heany Park Primary School,-37.93392,145.24288,Knox (C)
Heathcote Primary School,-36.92401,144.70685,Greater Bendigo (C)
Heatherhill Primary School,-37.96265,145.15815,Greater Dandenong (C)
Heathmont East Primary School,-37.83035,145.25769,Maroondah (C)
Heidelberg Primary School,-37.7547,145.0678,Banyule (C)
Hepburn Primary School,-37.30972,144.13276,Hepburn (S)
Herne Hill Primary School,-38.12936,144.33245,Greater Geelong (C)
Hesket Primary School,-37.34781,144.61978,Macedon Ranges (S)
Heyfield Primary School,-37.98211,146.78494,Wellington (S)
Heywood Consolidated School,-38.12752,141.61292,Glenelg (S)
Highton Primary School,-38.17216,144.31708,Greater Geelong (C)
Highvale Primary School,-37.86702,145.17407,Monash (C)
Hillsmeade Primary School,-38.06472,145.30746,Casey (C)
Hoa Nghiem Primary School,-37.96694,145.14879,Greater Dandenong (C)
Hoddles Creek Primary School,-37.83174,145.59775,Yarra Ranges (S)
Holy Child School,-37.66574,144.93198,Hume (C)
Holy Cross Catholic Primary School,-37.53046,144.9052,Hume (C)
Holy Cross Primary School,-37.45589,144.59778,Macedon Ranges (S)
Holy Eucharist School,-37.75644,144.81141,Brimbank (C)
Holy Family School,-38.1111,144.33833,Greater Geelong (C)
Holy Family School,-37.87426,145.12963,Monash (C)
Holy Family School,-37.9905,145.23863,Casey (C)
Holy Name School,-37.73026,145.01857,Darebin (C)
Holy Rosary School,-37.79558,144.92878,Melbourne (C)
Holy Rosary School,-36.72487,144.31057,Greater Bendigo (C)
Holy Rosary School,-36.91768,144.70111,Greater Bendigo (C)
Holy Saviour Parish School,-37.86234,145.17504,Whitehorse (C)
Holy Spirit Parish School,-38.13581,144.32996,Greater Geelong (C)
Holy Spirit School,-37.76085,145.01619,Darebin (C)
Holy Spirit School,-37.79323,145.23692,Maroondah (C)
Holy Trinity Catholic Primary School,-37.58479,144.70532,Hume (C)
Holy Trinity Primary School,-37.69844,145.13546,Banyule (C)
Holy Trinity School,-37.87747,145.24291,Knox (C)
Horsham Primary School,-36.71138,142.21515,Horsham (RC)
Horsham West and Haven Primary School,-36.71742,142.17999,Horsham (RC)
Hughesdale Primary School,-37.90584,145.07764,Monash (C)
Huntingdale Primary School,-37.91308,145.10236,Monash (C)
Huntly Primary School,-36.66254,144.3344,Greater Bendigo (C)
Hurstbridge Primary School,-37.6359,145.19812,Nillumbik (S)
Immaculate Heart of Mary School,-38.18474,146.29159,Latrobe (C)
Inglewood Primary School,-36.57394,143.87045,Loddon (S)
Inverleigh Primary School,-38.10094,144.05469,Golden Plains (S)
Inverloch Primary School,-38.6312,145.72862,Bass Coast (S)
Invermay Primary School,-37.52053,143.87458,Ballarat (C)
Iramoo Primary School,-37.89587,144.62857,Wyndham (C)
Irymple Primary School,-34.2266,142.15908,Mildura (RC)
Irymple South Primary School,-34.25249,142.19062,Mildura (RC)
Ivanhoe East Primary School,-37.77459,145.05945,Banyule (C)
Ivanhoe Primary School,-37.76657,145.04298,Banyule (C)
James Cook Primary School,-37.97906,145.24585,Casey (C)
Jamieson Primary School,-37.30126,146.14,Mansfield (S)
Jells Park Primary School,-37.90284,145.19285,Monash (C)
Jeparit Primary School,-36.14134,141.98405,Hindmarsh (S)
Jindivick Primary School,-38.02762,145.90113,Baw Baw (S)
John Henry Primary School,-38.07754,145.4428,Cardinia (S)
Kalinda Primary School,-37.7893,145.25483,Maroondah (C)
Kallista Primary School,-37.88509,145.37,Yarra Ranges (S)
Kananook Primary School,-38.12516,145.13174,Frankston (C)
Kangaroo Flat Primary School,-36.78768,144.23409,Greater Bendigo (C)
Kangaroo Ground Primary School,-37.69174,145.21466,Nillumbik (S)
Karingal Heights Primary School,-38.14148,145.16681,Frankston (C)
Karingal Primary School,-38.13792,145.15228,Frankston (C)
Karoo Primary School,-37.90532,145.26328,Knox (C)
Karwan Primary School,-37.85261,144.64577,Wyndham (C)
Katamatite Primary School,-36.07735,145.6853,Moira (S)
Katandra West Primary School,-36.22547,145.56071,Greater Shepparton (C)
Katunga Primary School,-35.99856,145.45561,Moira (S)
Keelonith Primary School,-37.6232,144.87884,Hume (C)
Keilor Heights Primary School,-37.73752,144.86649,Moonee Valley (C)
Keilor Primary School,-37.7169,144.8357,Brimbank (C)
Keilor Views Primary School,-37.71765,144.80919,Brimbank (C)
Kennington Primary School,-36.7688,144.3075,Greater Bendigo (C)
Kensington Primary School,-37.79267,144.92762,Melbourne (C)
Kent Park Primary School,-37.88349,145.26273,Knox (C)
Kerang Primary School,-35.73169,143.92114,Gannawarra (S)
Kerang South Primary School,-35.74123,143.92716,Gannawarra (S)
Kerrimuir Primary School,-37.80368,145.13525,Whitehorse (C)
Kew East Primary School,-37.79647,145.04915,Boroondara (C)
Kew Primary School,-37.80364,145.03339,Boroondara (C)
Keysborough Gardens Primary School,-38.00951,145.16132,Greater Dandenong (C)
Keysborough Primary School,-37.98263,145.15242,Greater Dandenong (C)
Kialla Central Primary School,-36.4527,145.43115,Greater Shepparton (C)
Kialla West Primary School,-36.46601,145.38946,Greater Shepparton (C)
Kiewa Valley Primary School,-36.25105,147.03877,Indigo (S)
Kilberry Valley Primary School,-38.03416,145.27957,Casey (C)
Killara Primary School,-37.56379,144.70458,Hume (C)
Kilmore Primary School,-37.29577,144.94752,Mitchell (S)
Kilsyth Primary School,-37.80211,145.31494,Yarra Ranges (S)
Kinglake Primary School,-37.52157,145.35664,Murrindindi (S)
Kinglake West Primary School,-37.4813,145.2596,Murrindindi (S)
Kings Park Primary School,-37.73315,144.76754,Brimbank (C)
Kingsbury Primary School,-37.71602,145.0372,Darebin (C)
Kingsley Park Primary School,-38.16808,145.1557,Frankston (C)
Kingston Heath Primary School,-37.96278,145.07907,Kingston (C)
Kingsville Primary School,-37.8126,144.87466,Maribyrnong (C)
Kingswood Primary School,-37.983,145.1238,Kingston (C)
Kismet Park Primary School,-37.56525,144.72867,Hume (C)
Knox Central Primary School,-37.86116,145.25498,Knox (C)
Knox Gardens Primary School,-37.88228,145.22958,Knox (C)
Knox Park Primary School,-37.88363,145.2514,Knox (C)
Kongwak Primary School,-38.51511,145.71286,South Gippsland (S)
Koo Wee Rup Primary School,-38.19483,145.49286,Cardinia (S)
Koondrook Primary School,-35.63487,144.12987,Gannawarra (S)
Koonwarra Village School,-38.54791,145.94392,South Gippsland (S)
Koorlong Primary School,-34.27806,142.08485,Mildura (RC)
Koroit And District Primary School,-38.29244,142.3687,Moyne (S)
Kororoit Creek Primary School,-37.73503,144.75458,Melton (C)
Korumburra Primary School,-38.43513,145.82564,South Gippsland (S)
Kunyung Primary School,-38.18768,145.07623,Mornington Peninsula (S)
Kurmile Primary School,-38.05934,145.39722,Cardinia (S)
Kurrun Primary School,-38.07026,145.40499,Cardinia (S)
Kurunjang Primary School,-37.67057,144.58632,Melton (C)
Kyneton Primary School,-37.24889,144.46269,Macedon Ranges (S)
Laa Yulta Primary School,-37.88549,144.59592,Wyndham (C)
Labertouche Primary School,-38.03767,145.80494,Baw Baw (S)
Laburnum Primary School,-37.8271,145.13921,Whitehorse (C)
Lake Boga Primary School,-35.46451,143.63207,Swan Hill (RC)
Lakes Entrance Primary School,-37.87598,147.99424,East Gippsland (S)
Lal Lal Primary School,-37.67672,144.01071,Moorabool (S)
Lalor East Primary School,-37.67658,145.03554,Whittlesea (C)
Lalor Gardens Primary School,-37.66369,145.00135,Whittlesea (C)
Lalor North Primary School,-37.66415,145.02854,Whittlesea (C)
Lalor Primary School,-37.67008,145.02539,Whittlesea (C)
Lancaster Primary School,-36.31325,145.13282,Campaspe (S)
Lancefield Primary School,-37.27495,144.72642,Macedon Ranges (S)
Landsborough Primary School,-37.00586,143.13591,Pyrenees (S)
Lang Lang Primary School,-38.26317,145.5694,Cardinia (S)
Langley Primary School,-37.17118,144.48966,Mount Alexander (S)
Langwarrin Park Primary School,-38.15092,145.2025,Frankston (C)
Langwarrin Primary School,-38.16039,145.18985,Frankston (C)
Lara Lake Primary School,-38.0304,144.39564,Greater Geelong (C)
Lara Primary School,-38.01592,144.41054,Greater Geelong (C)
Lardner and District Primary School,-38.20464,145.88035,Baw Baw (S)
Launching Place Primary School,-37.7825,145.57077,Yarra Ranges (S)
Laurimar Primary School,-37.58582,145.12687,Whittlesea (C)
Le Page Primary School,-37.95926,145.06814,Kingston (C)
Learning Co-Operative School,-37.62939,145.21333,Nillumbik (S)
Leitchville Primary School,-35.90955,144.30209,Gannawarra (S)
Lemnos Primary School,-36.35805,145.46246,Greater Shepparton (C)
Leongatha Primary School,-38.47893,145.95898,South Gippsland (S)
Leopold Primary School,-38.18726,144.46437,Greater Geelong (C)
Lethbridge Primary School,-37.96906,144.13456,Golden Plains (S)
Lightning Reef Primary School,-36.73692,144.26844,Greater Bendigo (C)
Lilydale Primary School,-37.75367,145.35407,Yarra Ranges (S)
Lindenow Primary School,-37.80088,147.45327,East Gippsland (S)
Lindenow South Primary School,-37.82694,147.4339,East Gippsland (S)
Linton Primary School,-37.68407,143.56131,Golden Plains (S)
Lisieux Catholic Primary School,-38.30332,144.33228,Surf Coast (S)
Lismore Primary School,-37.9546,143.3393,Corangamite (S)
Little Bendigo Primary School,-37.5429,143.89506,Ballarat (C)
Little River Primary School,-37.96501,144.50037,Wyndham (C)
Livingstone Primary School,-37.85289,145.18067,Whitehorse (C)
Lloyd Street Primary School,-37.87242,145.05611,Stonnington (C)
Loch Primary School,-38.36862,145.70295,South Gippsland (S)
Loch Sport Primary School,-38.05819,147.56717,Wellington (S)
Lockington Consolidated School,-36.26577,144.53664,Campaspe (S)
Lockwood Primary School,-36.80258,144.16156,Greater Bendigo (C)
Lockwood South Primary School,-36.8416,144.15675,Greater Bendigo (C)
Lollypop Creek Primary School,-37.91097,144.61342,Wyndham (C)
Longford Primary School,-38.16956,147.08841,Wellington (S)
Longwarry Primary School,-38.1141,145.76914,Baw Baw (S)
Longwood Primary School,-36.80793,145.42206,Strathbogie (S)
Lower Plenty Primary School,-37.72617,145.1155,Banyule (C)
Lucas Primary School,-37.54796,143.7804,Ballarat (C)
Lucknow Primary School,-37.81267,147.63075,East Gippsland (S)
Lumen Christi School,-38.3164,146.41571,Latrobe (C)
Lumen Christi School,-37.58019,143.81724,Ballarat (C)
Lumen Christi School,-37.8926,144.75334,Wyndham (C)
Lynbrook Primary School,-38.05239,145.24899,Casey (C)
Lyndale Greens Primary School,-37.96505,145.20465,Greater Dandenong (C)
Lyndhurst Primary School,-38.07496,145.25408,Casey (C)
Lysterfield Primary School,-37.9116,145.27623,Knox (C)
Macarthur Primary School,-38.03088,142.00147,Moyne (S)
Macarthur Street Primary School,-37.55115,143.85749,Ballarat (C)
Macclesfield Primary School,-37.88979,145.47537,Yarra Ranges (S)
Macedon Primary School,-37.41869,144.56268,Macedon Ranges (S)
Mackellar Primary School,-37.71723,144.77753,Brimbank (C)
Maffra Primary School,-37.964,146.97677,Wellington (S)
Magpie Primary School,-37.61571,143.84327,Ballarat (C)
Maharishi School of the Age of Enlightenment,-37.70438,145.01947,Darebin (C)
Mahogany Rise Primary School,-38.12562,145.1574,Frankston (C)
Maiden Gully Primary School,-36.74419,144.2097,Greater Bendigo (C)
Maldon Primary School,-36.99504,144.06581,Mount Alexander (S)
Malmsbury Primary School,-37.18732,144.38694,Macedon Ranges (S)
Malvern Central School,-37.85601,145.0344,Stonnington (C)
Malvern Primary School,-37.87159,145.03846,Stonnington (C)
Malvern Valley Primary School,-37.8807,145.08149,Stonnington (C)
Manchester Primary School,-37.77213,145.30955,Yarra Ranges (S)
Mandama Primary School,-38.2004,144.32788,Greater Geelong (C)
Manifold Heights Primary School,-38.13597,144.33292,Greater Geelong (C)
Manorvale Primary School,-37.89406,144.64389,Wyndham (C)
Mansfield Primary School,-37.05559,146.08482,Mansfield (S)
Maramba Primary School,-38.00344,145.30412,Casey (C)
Marlborough Primary School,-37.83641,145.23294,Maroondah (C)
Marlo Primary School,-37.79627,148.53504,East Gippsland (S)
Marnoo Primary School,-36.67685,142.87035,Northern Grampians (S)
Marong Primary School,-36.73568,144.13537,Greater Bendigo (C)
Maroona Primary School,-37.4328,142.85847,Ararat (RC)
Mary Immaculate School,-37.77194,145.03876,Banyule (C)
Mary MacKillop School,-37.99584,145.31128,Casey (C)
Mary Queen of Heaven Catholic Primary School,-37.62974,144.88566,Hume (C)
Marysville Primary School,-37.51198,145.74894,Murrindindi (S)
McKinnon Primary School,-37.90805,145.0528,Glen Eira (C)
Meadow Heights Primary School,-37.65042,144.92384,Hume (C)
Meadowglen Primary School,-37.64275,145.05309,Whittlesea (C)
Meadows Primary School,-37.68754,144.92956,Hume (C)
Meeniyan Primary School,-38.57934,146.01518,South Gippsland (S)
Melrose Primary School,-36.1305,146.86142,Wodonga (C)
Melton Primary School,-37.68046,144.58702,Melton (C)
Melton South Primary School,-37.70872,144.57426,Melton (C)
Melton West Primary School,-37.67748,144.56749,Melton (C)
Mentone Park Primary School,-37.98001,145.0828,Kingston (C)
Mentone Primary School,-37.98295,145.06797,Kingston (C)
Menzies Creek Primary School,-37.91735,145.39427,Yarra Ranges (S)
Meredith Primary School,-37.84271,144.07781,Golden Plains (S)
Merino Consolidated School,-37.70637,141.54831,Glenelg (S)
Mernda Park Primary School,-37.61403,145.09694,Whittlesea (C)
Mernda Primary School,-37.5946,145.09224,Whittlesea (C)
Merri Creek Primary School,-37.77697,144.98739,Yarra (C)
Merri-bek Primary School,-37.75505,144.96648,Merri-bek (C)
Merrigum Primary School,-36.36932,145.12966,Greater Shepparton (C)
Merrijig Primary School,-37.1028,146.25688,Mansfield (S)
Merrivale Primary School,-38.37802,142.45615,Warrnambool (C)
Metung Primary School,-37.88296,147.85246,East Gippsland (S)
Mickleham Primary School,-37.5635,144.87655,Hume (C)
Middle Indigo Primary School,-36.15601,146.72484,Indigo (S)
Middle Kinglake Primary School,-37.50521,145.31568,Murrindindi (S)
Middle Park Primary School,-37.8478,144.95751,Port Phillip (C)
Milawa Primary School,-36.44454,146.43248,Wangaratta (RC)
Mildura Primary School,-34.19429,142.16049,Mildura (RC)
Mildura South Primary School,-34.21348,142.12679,Mildura (RC)
Mildura West Primary School,-34.17973,142.15239,Mildura (RC)
Milgate Primary School,-37.7738,145.17519,Manningham (C)
Mill Park Heights Primary School,-37.65733,145.05175,Whittlesea (C)
Mill Park Primary School,-37.67461,145.06588,Whittlesea (C)
Millwarra Primary School,-37.75279,145.65186,Yarra Ranges (S)
Miners Rest Primary School,-37.47788,143.7947,Ballarat (C)
Minyip Primary School,-36.46271,142.5841,Yarriambiack (S)
Mirboo North Primary School,-38.40049,146.15109,South Gippsland (S)
Mirripoa Primary School,-38.22492,144.32848,Greater Geelong (C)
Mitcham Primary School,-37.80899,145.19272,Whitehorse (C)
Mitta Mitta Primary School,-36.53341,147.37948,Towong (S)
Moe (Albert Street) Primary School,-38.17471,146.26435,Latrobe (C)
Moe (South Street) Primary School,-38.18319,146.26006,Latrobe (C)
Moe Primary School,-38.18973,146.24672,Latrobe (C)
Monbulk Primary School,-37.87685,145.41026,Yarra Ranges (S)
Monmia Primary School,-37.71727,144.79205,Brimbank (C)
Mont Albert Primary School,-37.81308,145.10273,Whitehorse (C)
Montmorency Primary School,-37.71765,145.1216,Banyule (C)
Montmorency South Primary School,-37.72493,145.12966,Banyule (C)
Montpellier Primary School,-38.16627,144.31612,Greater Geelong (C)
Montrose Primary School,-37.8081,145.34369,Yarra Ranges (S)
Moolap Primary School,-38.17096,144.42431,Greater Geelong (C)
Moomba Park Primary School,-37.69576,144.96722,Merri-bek (C)
Moonambel Primary School,-36.98986,143.32074,Pyrenees (S)
Moonee Ponds Primary School,-37.76334,144.93299,Moonee Valley (C)
Moonee Ponds West Primary School,-37.76895,144.90933,Moonee Valley (C)
Moorabbin Primary School,-37.94202,145.03959,Kingston (C)
Moorooduc Primary School,-38.24809,145.10517,Mornington Peninsula (S)
Mooroolbark East Primary School,-37.7868,145.3357,Yarra Ranges (S)
Mooroopna North Primary School,-36.32914,145.29849,Greater Shepparton (C)
Mooroopna Park Primary School,-36.3801,145.34594,Greater Shepparton (C)
Mooroopna Primary School,-36.39136,145.36029,Greater Shepparton (C)
Morang South Primary School,-37.65287,145.09467,Whittlesea (C)
Mordialloc Beach Primary School,-38.00558,145.08881,Kingston (C)
Moriac Primary School,-38.24139,144.17557,Surf Coast (S)
Mornington Park Primary School,-38.22603,145.05875,Mornington Peninsula (S)
Mornington Primary School,-38.22181,145.04309,Mornington Peninsula (S)
Morwell Central Primary School,-38.23167,146.40764,Latrobe (C)
Morwell Park Primary School,-38.22793,146.42446,Latrobe (C)
Mossfiel Primary School,-37.87288,144.69612,Wyndham (C)
Mossgiel Park Primary School,-37.96839,145.26772,Casey (C)
Mother of God School,-37.77941,144.80081,Brimbank (C)
Mother Teresa School,-37.57522,144.93276,Hume (C)
Mount Beauty Primary School,-36.7395,147.17159,Alpine (S)
Mount Blowhard Primary School,-37.42924,143.78644,Ballarat (C)
Mount Clear Primary School,-37.60474,143.86837,Ballarat (C)
Mount Dandenong Primary School,-37.83074,145.36217,Yarra Ranges (S)
Mount Duneed Regional Primary School,-38.24124,144.31968,Greater Geelong (C)
Mount Egerton Primary School,-37.62852,144.10217,Moorabool (S)
Mount Eliza North Primary School,-38.1884,145.10054,Mornington Peninsula (S)
Mount Eliza Primary School,-38.19539,145.09219,Mornington Peninsula (S)
Mount Evelyn Primary School,-37.79093,145.38882,Yarra Ranges (S)
Mount Macedon Primary School,-37.40479,144.58413,Macedon Ranges (S)
Mount Martha Primary School,-38.27556,145.01373,Mornington Peninsula (S)
Mount Pleasant Primary School,-37.57836,143.85781,Ballarat (C)
Mount Pleasant Road Nunawading Primary School,-37.82859,145.18009,Whitehorse (C)
Mount View Primary School,-37.88348,145.17881,Monash (C)
Mount Waverley Heights Primary School,-37.88892,145.11127,Monash (C)
Mount Waverley North Primary School,-37.86802,145.14135,Monash (C)
Mount Waverley Primary School,-37.88127,145.12411,Monash (C)
Mountain Gate Primary School,-37.88569,145.26971,Knox (C)
Movelle Primary School,-37.73771,144.77536,Brimbank (C)
Moyhu Primary School,-36.59317,146.38309,Wangaratta (RC)
Moyston Primary School,-37.30166,142.76785,Ararat (RC)
Mulgrave Primary School,-37.93295,145.19737,Monash (C)
Mullum Primary School,-37.79774,145.23944,Maroondah (C)
Murchison Primary School,-36.61718,145.21429,Greater Shepparton (C)
Murrabit Group School,-35.52884,143.95075,Gannawarra (S)
Murrumbeena Primary School,-37.88617,145.07041,Glen Eira (C)
My College,-37.67575,144.92369,Hume (C)
Myrniong Primary School,-37.61972,144.34632,Moorabool (S)
Myrrhee Primary School,-36.73819,146.31825,Wangaratta (RC)
Nagambie Primary School,-36.78759,145.15723,Strathbogie (S)
Nambrok Denison Primary School,-38.05399,146.87481,Wellington (S)
Nangiloc Colignan and District Primary School,-34.47385,142.35779,Mildura (RC)
Nanneella Estate Primary School,-36.31297,144.77804,Campaspe (S)
Napoleons Primary School,-37.67863,143.82646,Golden Plains (S)
Nar Nar Goon Primary School,-38.08277,145.57401,Cardinia (S)
Narracan Primary School,-38.26158,146.23163,Baw Baw (S)
Narrawong District Primary School,-38.25268,141.71658,Glenelg (S)
Narre Warren North Primary School,-37.97859,145.31692,Casey (C)
Nathalia Primary School,-36.05752,145.20589,Moira (S)
Natimuk Primary School,-36.74124,141.9505,Horsham (RC)
Natte Yallock Primary School,-36.94213,143.468,Pyrenees (S)
Navarre Primary School,-36.90074,143.11134,Northern Grampians (S)
Nazareth School,-38.20252,144.33011,Greater Geelong (C)
Nearnung Primary School,-37.82571,144.68496,Wyndham (C)
Neerim South Primary School,-38.01531,145.95536,Baw Baw (S)
New Gisborne Primary School,-37.46289,144.59658,Macedon Ranges (S)
Newborough East Primary School,-38.179,146.29376,Latrobe (C)
Newborough Primary School,-38.18858,146.29279,Latrobe (C)
Newbury Primary School,-37.57099,144.90955,Hume (C)
Newcomb Primary School,-38.16516,144.39495,Greater Geelong (C)
Newham Primary School,-37.31215,144.59476,Macedon Ranges (S)
Newhaven Primary School,-38.51315,145.35686,Bass Coast (S)
Newington Primary School,-37.56602,143.83122,Ballarat (C)
Newlands Primary School,-37.73011,144.98538,Darebin (C)
Newlyn Primary School,-37.41202,143.98443,Hepburn (S)
Newmark Primary,-37.86311,144.9052,Hobsons Bay (C)
Newmerella Primary School,-37.73547,148.434,East Gippsland (S)
Newport Gardens Primary School,-37.84521,144.86883,Hobsons Bay (C)
Newport Lakes Primary School,-37.83842,144.87834,Hobsons Bay (C)
Newstead Primary School,-37.10592,144.06719,Mount Alexander (S)
Newtown Primary School,-38.14577,144.3372,Greater Geelong (C)
Ngarri Primary School,-37.86679,144.58403,Wyndham (C)
Nhill Lutheran School,-36.32773,141.66215,Hindmarsh (S)
Nichols Point Primary School,-34.2088,142.20464,Mildura (RC)
Nicholson Primary School,-37.81578,147.74791,East Gippsland (S)
Niddrie Primary School,-37.73085,144.87843,Moonee Valley (C)
Nilma Primary School,-38.16574,145.97429,Baw Baw (S)
Noble Park Primary School,-37.97063,145.17391,Greater Dandenong (C)
Noorat Primary School,-38.19075,142.92873,Corangamite (S)
Norris Bank Primary School,-37.69451,145.04263,Whittlesea (C)
North Melbourne Primary School,-37.79873,144.95064,Melbourne (C)
Northcote Primary School,-37.77176,144.99688,Darebin (C)
North-Eastern Montessori School,-37.68407,145.13709,Banyule (C)
Nullawarre and District Primary School,-38.46676,142.73443,Moyne (S)
Numurkah Primary School,-36.09024,145.445,Moira (S)
Nunawading Christian College-Primary,-37.82192,145.17005,Whitehorse (C)
Nungurner Primary School,-37.86592,147.88839,East Gippsland (S)
Nyah District Primary School,-35.18608,143.34319,Swan Hill (RC)
Nyora Primary School,-38.33624,145.67489,South Gippsland (S)
Oak Park Primary School,-37.71553,144.91504,Merri-bek (C)
Oakleigh Primary School,-37.89447,145.08862,Monash (C)
Oakleigh South Primary School,-37.92221,145.0947,Monash (C)
Oatlands Primary School,-38.00644,145.31619,Casey (C)
Oberon Primary School,-38.17944,144.34199,Greater Geelong (C)
Ocean Grove Primary School,-38.26399,144.52185,Greater Geelong (C)
Officer Primary School,-38.05828,145.41018,Cardinia (S)
Old Orchard Primary School,-37.80757,145.15251,Whitehorse (C)
Olinda Primary School,-37.8547,145.36619,Yarra Ranges (S)
Omeo Primary School,-37.10022,147.59308,East Gippsland (S)
Orchard Grove Primary School,-37.84023,145.14653,Whitehorse (C)
Orchard Park Primary School,-38.05488,145.39659,Cardinia (S)
Ormond Primary School,-37.907,145.03367,Glen Eira (C)
Orrvale Primary School,-36.41041,145.44054,Greater Shepparton (C)
Osborne Primary School,-38.25711,145.04091,Mornington Peninsula (S)
Osbornes Flat Primary School,-36.31716,146.89257,Indigo (S)
Oscar Romero Catholic Primary School,-37.58197,144.8961,Hume (C)
Our Holy Redeemer School,-37.82032,145.10008,Boroondara (C)
Our Lady Help of Christians School,-37.77634,144.97786,Merri-bek (C)
Our Lady Help of Christians School,-37.71612,145.14791,Nillumbik (S)
Our Lady Help of Christians School,-36.62268,142.47365,Yarriambiack (S)
Our Lady Help of Christians School,-37.52544,143.82561,Ballarat (C)
Our Lady Help of Christians School,-38.38525,142.51953,Warrnambool (C)
Our Lady of Fatima School,-38.37133,144.89754,Mornington Peninsula (S)
Our Lady of Good Counsel School,-37.81108,145.06279,Boroondara (C)
Our Lady of Lourdes School,-37.85246,145.00946,Stonnington (C)
Our Lady of Lourdes School,-37.84898,145.26576,Knox (C)
Our Lady of Mount Carmel School,-37.58004,144.7363,Hume (C)
Our Lady of Perpetual Help School,-37.81642,145.23218,Maroondah (C)
Our Lady of Perpetual Succour School,-37.83006,145.11139,Whitehorse (C)
Our Lady of the Assumption School,-37.9655,145.05971,Kingston (C)
Our Lady of the Immaculate Conception School,-37.78945,144.83556,Brimbank (C)
Our Lady of the Nativity School,-37.75635,144.89658,Moonee Valley (C)
Our Lady of the Pines School,-37.77444,145.17721,Manningham (C)
Our Lady of the Rosary,-37.25051,144.46212,Macedon Ranges (S)
Our Lady of the Sacred Heart Primary,-36.49302,144.61562,Greater Bendigo (C)
Our Lady of the Sacred Heart School,-34.16686,142.05309,Mildura (RC)
Our Lady of the Southern Cross,-37.87585,144.60622,Wyndham (C)
Our Lady of the Way Catholic Primary School,-37.4241,144.99984,Mitchell (S)
Our Lady of the Way School,-37.71526,145.03552,Darebin (C)
Our Lady Star of the Sea Catholic Primary School,-38.4637,145.2398,Bass Coast (S)
Our Lady Star of the Sea School,-38.26078,144.54016,Greater Geelong (C)
Our Lady's School,-36.37219,146.32114,Wangaratta (RC)
Our Lady's School,-37.5986,144.93137,Hume (C)
Overport Primary School,-38.16049,145.12697,Frankston (C)
Oxley Primary School,-36.44156,146.36064,Wangaratta (RC)
Pakenham Consolidated School,-38.06537,145.46466,Cardinia (S)
Pakenham Hills Primary School,-38.06063,145.49442,Cardinia (S)
Pakenham Lakeside Primary School,-38.06846,145.439,Cardinia (S)
Pakenham Primary School,-38.06394,145.51084,Cardinia (S)
Pakenham Springs Primary School,-38.08451,145.47008,Cardinia (S)
Panmure Primary School,-38.32935,142.73253,Moyne (S)
Panton Hill Primary School,-37.64161,145.23956,Nillumbik (S)
Park Orchards Primary School,-37.77952,145.21592,Manningham (C)
Park Ridge Primary School,-37.91841,145.26246,Knox (C)
Parkdale Primary School,-37.99279,145.0831,Kingston (C)
Parkhill Primary School,-37.86288,145.10687,Monash (C)
Parkmore Primary School,-37.84384,145.17718,Whitehorse (C)
Parktone Primary School,-37.98711,145.08824,Kingston (C)
Parkwood Green Primary School,-37.69921,144.74446,Melton (C)
Pascoe Vale North Primary School,-37.72126,144.94848,Merri-bek (C)
Pascoe Vale Primary School,-37.73122,144.93726,Merri-bek (C)
Pascoe Vale South Primary School,-37.74572,144.93562,Merri-bek (C)
Patterson Lakes Primary School,-38.06984,145.14479,Kingston (C)
Paynesville Primary School,-37.91128,147.7147,East Gippsland (S)
Pearcedale Primary School,-38.20301,145.23198,Casey (C)
Pembroke Primary School,-37.7968,145.32724,Yarra Ranges (S)
Penders Grove Primary School,-37.75452,145.01427,Darebin (C)
Penshurst Primary School,-37.87918,142.29133,Southern Grampians (S)
Pentland Primary School,-37.65586,144.42318,Moorabool (S)
Peranbin Primary College,-36.63424,145.71697,Strathbogie (S)
Perseverance Primary School,-38.38338,145.33341,Unincorporated Vic
Phillip Island Village School,-38.50808,145.2016,Bass Coast (S)
Pinewood Primary School,-37.89012,145.14234,Monash (C)
Pleasant Street Primary School (Ballarat),-37.55633,143.8385,Ballarat (C)
Plenty Parklands Primary School,-37.66973,145.07694,Whittlesea (C)
Point Lonsdale Primary School,-38.27443,144.62113,Queenscliffe (B)
Pomonal Primary School,-37.19344,142.60873,Ararat (RC)
Poowong Consolidated School,-38.34248,145.7697,South Gippsland (S)
Porepunkah Primary School,-36.69949,146.91102,Alpine (S)
Port Fairy Consolidated School,-38.38662,142.22822,Moyne (S)
Port Melbourne Primary School,-37.83532,144.93381,Port Phillip (C)
Portarlington Primary School,-38.11552,144.65498,Greater Geelong (C)
Portland North Primary School,-38.31764,141.57233,Glenelg (S)
Portland Primary School,-38.3473,141.59941,Glenelg (S)
Portland South Primary School,-38.36527,141.61062,Glenelg (S)
Powlett River Primary School,-38.56035,145.5462,Bass Coast (S)
Preston North East Primary School,-37.73305,145.02946,Darebin (C)
Preston Primary School,-37.73055,145.01031,Darebin (C)
Preston South Primary School,-37.74787,145.00745,Darebin (C)
Preston West Primary School,-37.73737,144.99553,Darebin (C)
Princes Hill Primary School,-37.7804,144.9681,Yarra (C)
Puckapunyal Primary School,-37.00263,145.03351,Mitchell (S)
Pyalong Primary School,-37.11724,144.85709,Mitchell (S)
Quarry Hill Primary School,-36.77512,144.27998,Greater Bendigo (C)
Quarters Primary School,-38.09481,145.25017,Casey (C)
Queen of Peace Primary School,-37.87515,144.7917,Hobsons Bay (C)
Queenscliff Primary School,-38.26722,144.65621,Queenscliffe (B)
Ramlegh Park Primary School,-38.11488,145.33828,Casey (C)
Ranfurly Primary School,-34.19367,142.1339,Mildura (RC)
Rangebank Primary School,-38.08736,145.27622,Casey (C)
Rangeview Primary School,-37.82958,145.2063,Whitehorse (C)
Rawson Primary School,-37.95912,146.39897,Baw Baw (S)
Raywood Primary School,-36.53947,144.2048,Greater Bendigo (C)
Red Cliffs East Primary School,-34.30511,142.21427,Mildura (RC)
Red Cliffs Primary School,-34.31157,142.18531,Mildura (RC)
Red Hill Consolidated School,-38.36668,144.99527,Mornington Peninsula (S)
Redesdale Mia Mia Primary School,-37.01952,144.53089,Greater Bendigo (C)
Regency Park Primary School,-37.85487,145.23616,Knox (C)
Research Primary School,-37.70292,145.18357,Nillumbik (S)
Reservoir East Primary School,-37.71998,145.02184,Darebin (C)
Reservoir Primary School,-37.71142,145.00677,Darebin (C)
Reservoir Views Primary School,-37.70552,145.02272,Darebin (C)
Reservoir West Primary School,-37.72214,144.99023,Darebin (C)
Resurrection School,-37.98994,145.16293,Greater Dandenong (C)
Resurrection School,-37.7363,144.77539,Brimbank (C)
Richmond Primary School,-37.82957,144.99907,Yarra (C)
Richmond West Primary School,-37.81363,144.99574,Yarra (C)
Riddells Creek Primary School,-37.46122,144.67978,Macedon Ranges (S)
Ringwood Heights Primary School,-37.80423,145.21721,Maroondah (C)
Ringwood North Primary School,-37.79313,145.23074,Maroondah (C)
Ripplebrook Primary School,-38.20349,145.75849,Baw Baw (S)
Ripponlea Primary School,-37.87461,145.00505,Glen Eira (C)
River Gum Primary School,-38.03465,145.26051,Casey (C)
Riverbend Primary School,-37.87627,144.62651,Wyndham (C)
Riverwalk Primary School,-37.92103,144.63933,Wyndham (C)
Roberts McCubbin Primary School,-37.83477,145.12521,Whitehorse (C)
Rochester Primary School,-36.3546,144.698,Campaspe (S)
Rockbank Primary School,-37.73215,144.6619,Melton (C)
Rokewood Primary School,-37.90366,143.72281,Golden Plains (S)
Rolling Hills Primary School,-37.76651,145.32684,Yarra Ranges (S)
Rollins Primary School,-38.10121,144.32646,Greater Geelong (C)
Romsey Primary School,-37.35418,144.74538,Macedon Ranges (S)
Rosanna Golf Links Primary School,-37.73512,145.07412,Banyule (C)
Rosanna Primary School,-37.73539,145.0629,Banyule (C)
Rosebud Primary School,-38.35576,144.909,Mornington Peninsula (S)
Rosedale Primary School,-38.1546,146.7739,Wellington (S)
Rosewood Downs Primary School,-37.94411,145.21346,Greater Dandenong (C)
Roslyn Primary School,-38.17401,144.32982,Greater Geelong (C)
Rowellyn Park Primary School,-38.10442,145.19245,Frankston (C)
Rowville Primary School,-37.92292,145.23711,Knox (C)
Roxburgh Homestead Primary School,-37.63206,144.91628,Hume (C)
Roxburgh Park Primary School,-37.63424,144.9314,Hume (C)
Roxburgh Rise Primary School,-37.61621,144.9235,Hume (C)
Rupanyup Primary School,-36.63222,142.62861,Yarriambiack (S)
Ruskin Park Primary School,-37.79894,145.29616,Maroondah (C)
Rutherglen Primary School,-36.05621,146.46061,Indigo (S)
Rye Primary School,-38.37312,144.82382,Mornington Peninsula (S)
Sacred Heart Primary School,-36.01072,146.00925,Moira (S)
Sacred Heart School,-37.84003,144.8814,Hobsons Bay (C)
Sacred Heart School,-37.74481,145.00377,Darebin (C)
Sacred Heart School,-38.23943,146.40432,Latrobe (C)
Sacred Heart School,-36.43983,145.22392,Greater Shepparton (C)
Sacred Heart School,-37.58601,141.41363,Glenelg (S)
Sacred Heart School,-37.80205,144.97852,Yarra (C)
Sacred Heart School,-37.80817,145.03744,Boroondara (C)
Sacred Heart School,-37.95148,145.00855,Bayside (C)
Sacred Heart School,-37.21455,145.42461,Murrindindi (S)
Sacred Heart School,-37.90184,145.08692,Monash (C)
Sacred Heart School,-37.79749,145.27279,Maroondah (C)
Sacred Heart School,-37.73769,144.80005,Brimbank (C)
Sacred Heart School,-34.18733,142.15224,Mildura (RC)
Sacred Heart School,-38.35316,143.57855,Colac-Otway (S)
Sacred Heart School,-37.67215,145.15878,Nillumbik (S)
Sacred Heart School,-36.19824,147.89919,Towong (S)
Sale Primary School,-38.1083,147.07364,Wellington (S)
San Remo Primary School,-38.52385,145.36945,Bass Coast (S)
Sandringham East Primary School,-37.95667,145.02222,Bayside (C)
Sandringham Primary School,-37.94704,145.00947,Bayside (C)
Sassafras Primary School,-37.86162,145.35455,Yarra Ranges (S)
School of the Good Shepherd,-37.69303,144.88946,Hume (C)
Scoresby Primary School,-37.89395,145.2275,Knox (C)
Seabrook Primary School,-37.87884,144.7579,Hobsons Bay (C)
Seaford North Primary School,-38.09016,145.13361,Frankston (C)
Seaford Park Primary School,-38.10504,145.15444,Frankston (C)
Seaford Primary School,-38.10444,145.1305,Frankston (C)
Seaholme Primary School,-37.86421,144.83991,Hobsons Bay (C)
Sebastopol Primary School,-37.59643,143.84472,Ballarat (C)
Selby Primary School,-37.91143,145.36752,Yarra Ranges (S)
Serpell Primary School,-37.7699,145.15557,Manningham (C)
Seville Primary School,-37.77389,145.46441,Yarra Ranges (S)
Shelford Primary School,-38.01399,143.98214,Golden Plains (S)
Shepparton East Primary School,-36.39993,145.47925,Greater Shepparton (C)
Sherbourne Primary School,-37.70891,145.13008,Banyule (C)
Sholem Aleichem College,-37.88229,145.0012,Glen Eira (C)
Sidrah Gardens School,-37.97324,145.31589,Casey (C)
Siena Catholic Primary School,-37.54597,143.78041,Ballarat (C)
Silvan Primary School,-37.8246,145.42132,Yarra Ranges (S)
Silverton Primary School,-37.94923,145.19288,Greater Dandenong (C)
Simpson Primary School,-38.49862,143.20788,Corangamite (S)
Skipton Primary School,-37.68686,143.36816,Corangamite (S)
Skye Primary School,-38.11771,145.20124,Frankston (C)
Solway Primary School,-37.87324,145.07283,Boroondara (C)
Somers Primary School,-38.39212,145.16461,Mornington Peninsula (S)
Somerville Primary School,-38.22402,145.17914,Mornington Peninsula (S)
Somerville Rise Primary School,-38.23003,145.16775,Mornington Peninsula (S)
Sorrento Primary School,-38.34148,144.74069,Mornington Peninsula (S)
South Melbourne Park Primary School,-37.84054,144.9627,Port Phillip (C)
South Melbourne Primary School,-37.82935,144.9535,Port Phillip (C)
South Yarra Primary School,-37.84135,144.98562,Melbourne (C)
Southern Cross Primary School,-37.98823,145.26441,Casey (C)
Southmoor Primary School,-37.94118,145.05697,Kingston (C)
Specimen Hill Primary School,-36.76187,144.24834,Greater Bendigo (C)
Spensley Street Primary School,-37.78679,145.00388,Yarra (C)
Spotswood Primary School,-37.83045,144.88174,Hobsons Bay (C)
Spring Gully Primary School,-36.79318,144.28446,Greater Bendigo (C)
Spring Parks Primary School,-37.95884,145.13951,Greater Dandenong (C)
Springhurst Primary School,-36.18467,146.4681,Wangaratta (RC)
Springside Primary School,-37.71118,144.73867,Melton (C)
Springvale Rise Primary School,-37.93926,145.15904,Greater Dandenong (C)
Ss Michael and John's Primary School,-36.714,142.20399,Horsham (RC)
Ss Peter & Paul's School,-37.79055,145.1534,Manningham (C)
St Agatha's School,-38.11164,145.27885,Casey (C)
St Agnes' School,-37.9461,145.03183,Bayside (C)
St Albans East Primary School,-37.74217,144.81109,Brimbank (C)
St Albans Heights Primary School,-37.74865,144.81037,Brimbank (C)
St Albans Meadows Primary School,-37.75337,144.81778,Brimbank (C)
St Albans North Primary School,-37.73174,144.80201,Brimbank (C)
St Albans Primary School,-37.73875,144.79577,Brimbank (C)
St Alipius' Parish School,-37.5617,143.87401,Ballarat (C)
St Aloysius' School,-37.57811,143.83767,Ballarat (C)
St Aloysius' School,-38.26868,144.6553,Queenscliffe (B)
St Ambrose's School,-37.35779,144.53049,Macedon Ranges (S)
St Andrews Primary School,-37.60232,145.26983,Nillumbik (S)
St Andrew's School,-37.90127,144.65057,Wyndham (C)
St Andrew's School,-37.93489,145.10719,Kingston (C)
St Angela of the Cross Primary School,-38.14153,145.96161,Baw Baw (S)
St Anne's School,-37.79538,145.04981,Boroondara (C)
St Anne's School,-38.1066,145.14095,Frankston (C)
St Anne's School,-37.56839,144.71746,Hume (C)
St Anne's School,-37.7733,145.21859,Manningham (C)
St Anthony's School,-37.88689,145.0471,Glen Eira (C)
St Anthony's School,-37.78007,145.02036,Darebin (C)
St Anthony's School,-37.97171,145.17243,Greater Dandenong (C)
St Anthony's School,-37.70966,144.5729,Melton (C)
St Anthony's School,-38.01519,144.39058,Greater Geelong (C)
St Arnaud Primary School,-36.6102,143.25754,Northern Grampians (S)
St Augustine's Primary School,-37.71063,144.82052,Brimbank (C)
St Augustine's School,-37.05183,143.7368,Central Goldfields (S)
St Augustine's School,-37.42851,143.89226,Hepburn (S)
St Augustine's School,-37.8137,144.8899,Maribyrnong (C)
St Augustine's School,-36.11702,146.88922,Wodonga (C)
St Augustine's School,-38.17205,145.14587,Frankston (C)
St Bede's School,-37.79352,145.0709,Boroondara (C)
St Bernadette's Catholic Primary School,-37.8539,145.31084,Knox (C)
St Bernadette's School,-37.76306,145.03412,Banyule (C)
St Bernadette's School,-37.77116,144.83528,Brimbank (C)
St Bernard's School,-37.67227,144.43486,Moorabool (S)
St Bernard's School,-37.74742,144.97271,Merri-bek (C)
St Bernard's School,-36.34656,146.3056,Wangaratta (RC)
St Brendan's School,-37.7847,144.93173,Moonee Valley (C)
St Brendan's School,-36.37473,145.40765,Greater Shepparton (C)
St Brendan's School,-38.27065,143.5188,Colac-Otway (S)
St Brendan's School,-37.87102,148.01234,East Gippsland (S)
St Brendan's School,-38.23365,145.1684,Mornington Peninsula (S)
St Brigid's School,-37.5999,144.22873,Moorabool (S)
St Brigid's School,-37.49091,144.59009,Macedon Ranges (S)
St Brigid's School,-38.00804,145.09178,Kingston (C)
St Brigid's School,-37.65868,145.5158,Yarra Ranges (S)
St Brigid's School,-38.05462,145.40567,Cardinia (S)
St Carlo Borromeo School,-37.65364,144.88864,Hume (C)
St Catherine of Siena Catholic Primary School,-38.24009,144.36945,Greater Geelong (C)
St Catherine of Siena School,-37.67878,144.5502,Melton (C)
St Catherine's Primary School,-38.06977,145.33695,Casey (C)
St Catherine's School,-37.93822,145.05217,Kingston (C)
St Catherine's School,-37.6656,145.00324,Whittlesea (C)
St Cecilia's School,-37.85009,145.0646,Boroondara (C)
St Charles Borromeo School,-37.76748,145.15431,Manningham (C)
St Christopher's School,-37.8711,145.1502,Monash (C)
St Christopher's School,-37.72501,144.88025,Moonee Valley (C)
St Clare's Catholic Primary School,-37.84381,144.72821,Wyndham (C)
St Clare's Primary School,-38.06277,145.43271,Cardinia (S)
St Clare's School,-37.67775,144.99772,Whittlesea (C)
St Clement of Rome School,-37.7673,145.09033,Manningham (C)
St Colman's School,-38.07994,142.80202,Moyne (S)
St Columba's School,-37.54591,143.86007,Ballarat (C)
St Columba's School,-37.88253,144.98112,Port Phillip (C)
St Damian's School,-37.69849,145.05722,Whittlesea (C)
St Dominic's School,-37.83892,145.08384,Boroondara (C)
St Dominic's School,-37.68506,144.9237,Hume (C)
St Dominic's School,-37.68092,144.58464,Melton (C)
St Elizabeth's School,-37.94632,145.19888,Greater Dandenong (C)
St Fidelis' School,-37.74984,144.95156,Merri-bek (C)
St Finbar's School,-37.91628,145.01746,Bayside (C)
St Francis de Sales Catholic Primary School,-38.05901,145.25248,Casey (C)
St Francis de Sales School,-37.71885,144.92108,Merri-bek (C)
St Francis of Assisi Catholic Primary School,-37.84829,144.69823,Wyndham (C)
"St Francis of Assisi Primary School, Wodonga",-36.17389,146.93993,Wodonga (C)
St Francis of Assisi School,-37.66499,145.05891,Whittlesea (C)
St Francis of the Fields School,-36.80447,144.36129,Greater Bendigo (C)
St Francis' School,-36.0586,145.20774,Moira (S)
St Francis Xavier Primary School,-37.71601,145.12656,Banyule (C)
St Francis Xavier School,-37.56161,143.90299,Ballarat (C)
St Francis Xavier School,-38.1488,145.1262,Frankston (C)
St Francis Xavier School,-38.07203,144.35813,Greater Geelong (C)
St Francis Xavier's School,-37.81849,145.13149,Whitehorse (C)
St Gabriel's School,-37.71802,145.00512,Darebin (C)
St Gabriel's School,-38.18765,146.51105,Latrobe (C)
St George Preca School,-37.71349,144.73671,Melton (C)
St Georges Road Primary School Shepparton,-36.39009,145.40574,Greater Shepparton (C)
St Gerard's School,-37.97133,145.20582,Greater Dandenong (C)
St Gregory the Great School,-37.7806,145.12228,Manningham (C)
St Ita's School,-38.13244,145.862,Baw Baw (S)
St James School,-38.07303,145.57319,Cardinia (S)
St James' School,-37.89794,144.99766,Bayside (C)
St James' School,-37.60347,143.84018,Ballarat (C)
St James' School,-37.83675,145.20969,Whitehorse (C)
St James the Apostle School,-37.85729,144.68749,Wyndham (C)
St Joachim's School,-38.10335,145.17847,Frankston (C)
St Joan of Arc School,-37.92011,144.99415,Bayside (C)
St John Bosco's School,-37.74366,144.88903,Moonee Valley (C)
St John the Apostle Catholic Primary School,-37.83342,144.66571,Wyndham (C)
St John the Baptist School,-37.88738,145.29517,Knox (C)
St John the Baptist's School,-38.19746,145.48527,Cardinia (S)
St John Vianney's School,-37.99047,145.09249,Kingston (C)
St John Vianney's School,-37.93272,145.15956,Monash (C)
St John XXIII Primary School,-37.67842,145.0392,Whittlesea (C)
St John's Lutheran School,-38.35679,141.58984,Glenelg (S)
St John's School,-37.75764,145.06655,Banyule (C)
St John's School,-38.3515,142.44614,Warrnambool (C)
St John's School,-36.75337,145.56987,Strathbogie (S)
St John's School,-37.79582,144.88522,Maribyrnong (C)
St John's School,-37.81744,145.1904,Whitehorse (C)
St John's School,-38.14582,145.1481,Frankston (C)
St Joseph the Worker School,-37.70222,144.99292,Darebin (C)
St Josephs Catholic Primary School,-37.9033,144.61028,Wyndham (C)
St Joseph's Primary School,-37.86271,145.27481,Knox (C)
St Joseph's School,-37.82646,145.03432,Boroondara (C)
St Joseph's School,-37.77462,144.99672,Darebin (C)
St Joseph's School,-36.55396,145.97412,Benalla (RC)
St Joseph's School,-36.27177,143.35105,Buloke (S)
St Joseph's School,-36.14598,146.60706,Indigo (S)
St Joseph's School,-37.87751,142.28978,Southern Grampians (S)
St Joseph's School,-36.08646,145.4436,Moira (S)
St Joseph's School,-38.37249,142.48614,Warrnambool (C)
St Joseph's School,-37.80046,144.98639,Yarra (C)
St Joseph's School,-36.36476,144.70117,Campaspe (S)
St Joseph's School,-36.36007,146.68281,Indigo (S)
St Joseph's School,-37.60538,141.69473,Southern Grampians (S)
St Joseph's School,-38.15861,145.91202,Baw Baw (S)
St Joseph's School,-36.76942,144.27835,Greater Bendigo (C)
St Joseph's School,-37.76229,144.94298,Merri-bek (C)
St Joseph's School,-38.60086,145.60341,Bass Coast (S)
St Joseph's School,-35.72546,143.91781,Gannawarra (S)
St Joseph's School,-38.43604,145.82232,South Gippsland (S)
St Joseph's School,-37.85807,145.03116,Stonnington (C)
St Joseph's School,-35.91707,145.65236,Moira (S)
St Joseph's School,-36.78161,145.15405,Strathbogie (S)
St Joseph's School,-37.70917,148.45563,East Gippsland (S)
St Joseph's School,-38.05544,145.11859,Kingston (C)
St Joseph's School,-38.36147,145.20281,Mornington Peninsula (S)
St Joseph's School,-38.20721,146.15219,Baw Baw (S)
St Joseph's School,-38.34047,144.7418,Mornington Peninsula (S)
St Joseph's School,-37.88251,145.00529,Glen Eira (C)
St Joseph's School,-34.30235,142.18796,Mildura (RC)
St Joseph's School,-37.95323,145.15034,Greater Dandenong (C)
St Joseph's School,-35.72393,142.36219,Yarriambiack (S)
St Joseph's School,-37.79217,145.61681,Yarra Ranges (S)
St Joseph's School,-37.59574,145.0906,Whittlesea (C)
St Jude the Apostle School,-37.88984,145.22596,Knox (C)
St Jude's School,-38.15528,145.19111,Frankston (C)
St Justin's School,-37.91781,145.19051,Monash (C)
St Kevin's School,-37.76127,145.12287,Manningham (C)
St Kevin's School,-38.03932,145.2674,Casey (C)
St Kieran's School,-38.17937,146.25356,Latrobe (C)
St Kilda Park Primary School,-37.85812,144.97779,Port Phillip (C)
St Kilda Primary School,-37.87022,144.98902,Port Phillip (C)
St Kilian's School,-36.75458,144.28421,Greater Bendigo (C)
St Laurence O'Toole School,-38.47894,145.9543,South Gippsland (S)
St Lawrence Catholic Primary School,-37.79068,144.76052,Brimbank (C)
St Lawrence of Brindisi Catholic Primary School,-37.73305,144.57246,Melton (C)
St Leo the Great Primary School,-37.83922,144.85169,Hobsons Bay (C)
St Leonards Primary School,-38.17184,144.71475,Greater Geelong (C)
St Leonard's School,-37.8868,145.16389,Monash (C)
St Liborius' School,-36.72348,144.25729,Greater Bendigo (C)
St Louis de Montfort's School,-38.01813,145.10226,Kingston (C)
St Luke the Evangelist School,-37.83555,145.14671,Whitehorse (C)
St Luke's Catholic Primary School,-36.32432,145.41203,Greater Shepparton (C)
St Luke's School,-37.67237,145.01883,Whittlesea (C)
St Luke's School,-37.85338,145.23507,Knox (C)
St Macartan's School,-38.22321,145.07046,Mornington Peninsula (S)
St Malachy's School,-37.03403,141.30005,West Wimmera (S)
St Margaret Mary's School,-37.75863,144.96825,Merri-bek (C)
St Margaret Mary's School,-37.82908,144.87773,Hobsons Bay (C)
St Margaret's Primary School,-37.7669,144.89104,Maribyrnong (C)
St Margaret's School,-38.16462,144.37393,Greater Geelong (C)
St Mark's School,-37.71628,144.96362,Merri-bek (C)
St Mark's School,-37.98666,145.12957,Kingston (C)
St Martin de Porres School,-37.75847,144.86162,Moonee Valley (C)
St Martin de Porres School,-37.85378,144.77698,Hobsons Bay (C)
St Martin of Tours School,-37.73518,145.07698,Banyule (C)
St Mary MacKillop Catholic Primary School,-38.04693,144.1701,Golden Plains (S)
St Mary MacKillop Primary School,-37.71462,144.80435,Brimbank (C)
St Mary of the Cross Catholic Primary School,-37.9088,144.76595,Wyndham (C)
St Mary of the Cross MacKillop Catholic Parish Primary School,-37.626,145.0126,Whittlesea (C)
St Mary's Primary School,-38.11071,147.06233,Wellington (S)
St Mary's School,-37.05835,146.08901,Mansfield (S)
St Mary's School,-37.8635,144.90089,Hobsons Bay (C)
St Mary's School,-37.85902,144.99759,Port Phillip (C)
St Mary's School,-37.8414,147.58563,East Gippsland (S)
St Mary's School,-36.37358,142.98517,Buloke (S)
St Mary's School,-37.27876,144.73173,Macedon Ranges (S)
St Mary's School,-37.06396,144.22096,Mount Alexander (S)
St Mary's School,-36.05042,146.46298,Indigo (S)
St Mary's School,-36.57114,143.87249,Loddon (S)
St Mary's School,-38.33473,143.5854,Colac-Otway (S)
St Mary's School,-38.15319,144.363,Greater Geelong (C)
St Mary's School,-36.25408,142.3896,Yarriambiack (S)
St Mary's School,-36.13426,144.72583,Campaspe (S)
St Mary's School,-37.2855,142.93861,Ararat (RC)
St Mary's School,-37.74114,142.05091,Southern Grampians (S)
St Mary's School,-37.99067,145.22084,Greater Dandenong (C)
St Mary's School,-37.77384,144.91127,Moonee Valley (C)
St Mary's School,-37.87302,145.05292,Stonnington (C)
St Mary's School,-38.5569,146.67597,Wellington (S)
St Mary's School,-35.32846,143.5456,Swan Hill (RC)
St Mary's School,-38.30344,145.1917,Mornington Peninsula (S)
St Mary's School,-37.75684,145.00166,Darebin (C)
St Mary's School,-36.55357,146.72693,Alpine (S)
St Mary's School,-37.93305,145.0009,Bayside (C)
St Mary's School,-35.80823,144.21854,Gannawarra (S)
St Mary's School,-37.86666,144.82838,Hobsons Bay (C)
St Mary's School,-36.39605,145.35422,Greater Shepparton (C)
St Mary's School,-37.5004,143.9887,Moorabool (S)
St Mary's School,-37.19127,145.71338,Murrindindi (S)
St Mary's School,-36.5878,145.0112,Campaspe (S)
St Mary's School,-37.70285,145.09263,Banyule (C)
St Mary's School,-35.50183,142.85067,Buloke (S)
St Mary's School,-37.9635,146.97239,Wellington (S)
St Mary's School,-37.79052,145.39586,Yarra Ranges (S)
St Mary's School,-37.50906,145.11454,Whittlesea (C)
St Matthew's School,-37.69816,144.96795,Merri-bek (C)
St Mel's School,-36.39247,145.41068,Greater Shepparton (C)
St Michaels Primary School,-37.7933,144.94625,Melbourne (C)
St Michael's School,-38.19516,146.5347,Latrobe (C)
St Michael's School,-37.33724,144.15136,Hepburn (S)
St Michael's School,-37.86413,145.08248,Boroondara (C)
St Michael's School,-37.98075,146.78427,Wellington (S)
St Michael's School,-36.21623,147.17342,Towong (S)
St Michael's School,-38.03382,145.35357,Casey (C)
St Monica's Primary School,-37.75966,144.92318,Moonee Valley (C)
St Monica's School,-36.7942,144.2448,Greater Bendigo (C)
St Monica's School,-37.80116,144.90684,Maribyrnong (C)
St Monica's School,-36.12675,146.87264,Wodonga (C)
St Oliver Plunkett's School,-37.73089,144.94186,Merri-bek (C)
St Patrick's Primary School,-37.29939,144.94811,Mitchell (S)
St Patrick's School,-37.5644,143.84715,Ballarat (C)
St Patrick's School,-36.35616,146.32195,Wangaratta (RC)
St Patrick's School,-37.58065,144.0909,Moorabool (S)
St Patrick's School,-36.61708,143.24686,Northern Grampians (S)
St Patrick's School,-38.06938,145.47453,Cardinia (S)
St Patrick's School,-38.29989,142.36897,Moyne (S)
St Patrick's School,-38.13484,144.34604,Greater Geelong (C)
St Patrick's School,-37.75273,145.35261,Yarra Ranges (S)
St Patrick's School,-38.38613,142.23167,Moyne (S)
St Patrick's School,-38.23503,143.139,Corangamite (S)
St Patrick's School,-37.05935,142.78726,Northern Grampians (S)
St Patrick's School,-37.98357,145.07016,Kingston (C)
St Patrick's School,-37.96726,147.07768,Wellington (S)
St Patrick's School,-37.90178,145.06527,Glen Eira (C)
St Patrick's School,-36.33541,141.64304,Hindmarsh (S)
St Patrick's School,-36.05485,144.11184,Loddon (S)
St Patrick's School,-36.25266,144.95359,Campaspe (S)
St Paul Apostle North School,-37.96753,145.26266,Casey (C)
St Paul Apostle South School,-37.98052,145.25793,Casey (C)
St Paul the Apostle Catholic Primary School,-37.59693,145.11522,Whittlesea (C)
St Paul's Kealba Catholic School,-37.73374,144.81963,Brimbank (C)
St Paul's Primary School,-34.2046,142.15603,Mildura (RC)
St Paul's School,-37.73893,144.96785,Merri-bek (C)
St Paul's School,-37.92283,145.04147,Glen Eira (C)
St Paul's School,-37.78753,144.80752,Brimbank (C)
St Paul's School,-37.868,145.41206,Yarra Ranges (S)
St Peter Apostle School,-37.87464,144.69031,Wyndham (C)
St Peter Chanel School,-37.76853,144.76927,Brimbank (C)
St Peter Julian Eymard,-37.78791,145.31752,Yarra Ranges (S)
St Peter's Lutheran School,-36.45706,142.03758,Hindmarsh (S)
St Peter's School,-37.92304,145.07091,Glen Eira (C)
St Peter's School,-37.65054,145.02755,Whittlesea (C)
St Peter's School,-37.92314,145.12186,Monash (C)
St Peter's School,-37.74424,144.85942,Moonee Valley (C)
St Peter's School,-36.74417,144.27274,Greater Bendigo (C)
St Peter's School,-37.80028,144.81962,Brimbank (C)
St Philip's School,-37.80764,145.16659,Whitehorse (C)
St Pius X School,-37.74692,145.04629,Banyule (C)
St Pius X School,-38.36492,142.46583,Warrnambool (C)
St Raphael's School,-37.7341,144.99262,Darebin (C)
St Richard's Primary School,-37.80656,145.32174,Yarra Ranges (S)
St Robert's School,-38.15641,144.34301,Greater Geelong (C)
St Roch's School,-37.85736,145.05231,Stonnington (C)
St Scholastica's School,-37.85165,145.12591,Whitehorse (C)
St Simon's School,-37.92568,145.24533,Knox (C)
St Stephen's School,-37.71157,145.0192,Darebin (C)
St Teresa of Kolkata Catholic Primary School,-37.82362,144.68607,Wyndham (C)
St Theresa's School,-37.78219,144.8202,Brimbank (C)
St Therese School,-38.32112,144.31185,Surf Coast (S)
St Therese's School,-37.75111,144.91031,Moonee Valley (C)
St Therese's School,-36.7669,144.29824,Greater Bendigo (C)
St Therese's School,-38.07727,145.26724,Casey (C)
St Thomas Aquinas School,-38.09017,144.35882,Greater Geelong (C)
St Thomas More School,-37.55349,143.79995,Ballarat (C)
St Thomas More's School,-37.90841,145.35268,Yarra Ranges (S)
St Thomas More's School,-37.70729,144.94494,Merri-bek (C)
St Thomas More's School,-38.19773,145.10114,Mornington Peninsula (S)
St Thomas Primary School,-38.18801,144.55617,Greater Geelong (C)
St Thomas' School,-38.2398,142.90996,Corangamite (S)
St Thomas' School,-38.0994,147.08331,Wellington (S)
St Thomas the Apostle Catholic Primary School,-38.11617,145.31704,Casey (C)
St Thomas The Apostle School,-37.82325,145.15743,Whitehorse (C)
St Thomas the Apostle School,-37.68219,145.11911,Nillumbik (S)
St Timothy's School,-37.84039,145.18365,Whitehorse (C)
St Vincent de Paul's School,-37.74214,144.92413,Moonee Valley (C)
St Vincent de Paul's School,-38.23061,146.41548,Latrobe (C)
Stanhope Primary School,-36.4481,144.98802,Campaspe (S)
Stawell Primary School,-37.05613,142.77378,Northern Grampians (S)
Stawell West Primary School,-37.06576,142.77129,Northern Grampians (S)
Stella Maris Catholic Primary School,-37.89076,144.72868,Wyndham (C)
Stella Maris School,-37.98199,145.04104,Bayside (C)
Stevensville Primary School,-37.7361,144.78121,Brimbank (C)
Stratford Primary School,-37.96725,147.08539,Wellington (S)
Strathaird Primary School,-38.06312,145.28692,Casey (C)
Strathewen Primary School,-37.54758,145.27009,Nillumbik (S)
Strathfieldsaye Primary School,-36.80436,144.35291,Greater Bendigo (C)
Strathmerton Primary School,-35.92402,145.47884,Moira (S)
Strathmore North Primary School,-37.72486,144.91598,Moonee Valley (C)
Strathmore Primary School,-37.73551,144.917,Moonee Valley (C)
Strathtulloh Primary School,-37.71662,144.58976,Melton (C)
Streeton Primary School,-37.72156,145.10222,Banyule (C)
Sunbury Heights Primary School,-37.58114,144.70696,Hume (C)
Sunbury Primary School,-37.59769,144.72814,Hume (C)
Sunbury West Primary School,-37.5748,144.71292,Hume (C)
Sunshine Christian School,-37.7684,144.83586,Brimbank (C)
Sunshine Harvester Primary School,-37.78293,144.84569,Brimbank (C)
Sunshine Heights Primary School,-37.79222,144.81816,Brimbank (C)
Sunshine North Primary School,-37.77201,144.83719,Brimbank (C)
Sunshine Primary School,-37.79079,144.83101,Brimbank (C)
Surfside Primary School,-38.26145,144.54166,Greater Geelong (C)
Surrey Hills Primary School,-37.82553,145.1009,Whitehorse (C)
Swan Hill Christian School,-35.37756,143.5465,Swan Hill (RC)
Swan Hill North Primary School,-35.33179,143.54607,Swan Hill (RC)
Swan Hill Primary School,-35.34691,143.54325,Swan Hill (RC)
Swan Reach Primary School,-37.82108,147.86479,East Gippsland (S)
Sydenham - Hillside Primary School,-37.70205,144.76233,Brimbank (C)
Syndal South Primary School,-37.87909,145.1433,Monash (C)
Talbot Primary School,-37.16865,143.7036,Central Goldfields (S)
Talgarno Primary School,-36.0658,147.15915,Towong (S)
Tallangatta Primary School,-36.2148,147.1742,Towong (S)
Tallarook Primary School,-37.09676,145.10067,Mitchell (S)
Tallygaroopna Primary School,-36.23861,145.43632,Greater Shepparton (C)
Tambo Upper Primary School,-37.7662,147.8452,East Gippsland (S)
Tanjil South Primary School,-38.11887,146.2524,Baw Baw (S)
Taradale Primary School,-37.14131,144.35106,Mount Alexander (S)
Tarnagulla Primary School,-36.77126,143.8284,Loddon (S)
Tarneit Rise Primary School,-37.83618,144.66582,Wyndham (C)
Tarrington Lutheran School,-37.76623,142.09426,Southern Grampians (S)
Tarwin Lower Primary School,-38.70257,145.86706,South Gippsland (S)
Tate Street Primary School Geelong,-38.16605,144.3792,Greater Geelong (C)
Tatura Primary School,-36.44497,145.22992,Greater Shepparton (C)
Tawonga Primary School,-36.6914,147.14325,Alpine (S)
Taylors Hill Primary School,-37.71669,144.7599,Melton (C)
Taylors Lakes Primary School,-37.70965,144.79377,Brimbank (C)
Tecoma Primary School,-37.90696,145.34492,Yarra Ranges (S)
Teesdale Primary School,-38.02923,144.05459,Golden Plains (S)
Templestowe Heights Primary School,-37.76721,145.11935,Manningham (C)
Templestowe Park Primary School,-37.75627,145.14326,Manningham (C)
Templestowe Valley Primary School,-37.76061,145.10938,Manningham (C)
Templeton Primary School,-37.86094,145.23229,Knox (C)
Tempy Primary School,-35.34395,142.42708,Yarriambiack (S)
The Basin Primary School,-37.84951,145.30842,Knox (C)
The Lake Primary School,-34.20592,142.09314,Mildura (RC)
The Patch Primary School,-37.89242,145.39284,Yarra Ranges (S)
Thomas Chirnside Primary School,-37.9032,144.63788,Wyndham (C)
Thomas Mitchell Primary School,-37.98056,145.27391,Casey (C)
Thomastown East Primary School,-37.68033,145.0249,Whittlesea (C)
Thomastown Meadows Primary School,-37.68259,144.9931,Whittlesea (C)
Thomastown Primary School,-37.68227,145.0115,Whittlesea (C)
Thomastown West Primary School,-37.6787,145.00079,Whittlesea (C)
Thornbury Primary School,-37.75543,144.99675,Darebin (C)
Thornhill Park Primary School,-37.71533,144.62601,Melton (C)
Thorpdale Primary School,-38.28846,146.17879,Baw Baw (S)
Timor Primary School,-36.98422,143.71199,Central Goldfields (S)
Tinternvale Primary School,-37.81841,145.26534,Maroondah (C)
Tongala Primary School,-36.25215,144.95652,Campaspe (S)
Toolamba Primary School,-36.49052,145.34418,Greater Shepparton (C)
Toolangi Primary School,-37.53537,145.4725,Murrindindi (S)
Toolern Vale and District Primary School,-37.60627,144.59423,Melton (C)
Toongabbie Primary School,-38.05697,146.62518,Latrobe (C)
Toora Primary School,-38.66352,146.32799,South Gippsland (S)
Tooradin Primary School,-38.20763,145.37849,Casey (C)
Toorak Primary School,-37.84508,145.00991,Stonnington (C)
Toorloo Arm Primary School,-37.85254,148.05097,East Gippsland (S)
Tootgarook Primary School,-38.36948,144.85732,Mornington Peninsula (S)
Topirum Primary School,-38.1089,145.38469,Casey (C)
Torquay Coast Primary School,-38.30456,144.33818,Surf Coast (S)
Torquay P-6 College,-38.32177,144.31231,Surf Coast (S)
Trafalgar Primary School,-38.21476,146.15987,Baw Baw (S)
Traralgon (Kosciuszko Street) Primary School,-38.19927,146.51536,Latrobe (C)
Traralgon (Liddiard Road) Primary School,-38.20155,146.55149,Latrobe (C)
Traralgon (Stockdale Road) Primary School,-38.18998,146.52417,Latrobe (C)
Traralgon South Primary School,-38.29726,146.54015,Latrobe (C)
Trawalla Primary School,-37.43773,143.46986,Pyrenees (S)
Trentham District Primary School,-37.38797,144.3281,Hepburn (S)
Trinity Catholic Primary School,-38.05539,145.29799,Casey (C)
Trinity Catholic School,-37.81585,145.00824,Yarra (C)
Truganina South Primary School,-37.86453,144.72565,Wyndham (C)
Tucker Road Bentleigh Primary School,-37.93254,145.04901,Glen Eira (C)
Tullamarine Primary School,-37.7022,144.87957,Hume (C)
Tulliallan Primary School,-38.0816,145.32734,Casey (C)
Tungamah Primary School,-36.16131,145.87947,Moira (S)
Tyabb Primary School,-38.26071,145.16664,Mornington Peninsula (S)
Tyabb Railway Station Primary School,-38.26195,145.1925,Mornington Peninsula (S)
Tyers Primary School,-38.14911,146.47754,Latrobe (C)
Tylden Primary School,-37.32497,144.40878,Macedon Ranges (S)
Undera Primary School,-36.27636,145.21893,Greater Shepparton (C)
Underbool Primary School,-35.17057,141.81405,Mildura (RC)
University Park Primary School,-37.75489,144.80307,Brimbank (C)
Upper Ferntree Gully Primary School,-37.8956,145.31432,Knox (C)
Upper Plenty Primary School,-37.42371,145.05787,Mitchell (S)
Upper Sandy Creek Primary School,-36.35518,147.1129,Indigo (S)
Upwey Primary School,-37.90287,145.3328,Yarra Ranges (S)
Upwey South Primary School,-37.91314,145.32684,Yarra Ranges (S)
Valkstone Primary School,-37.91461,145.05717,Glen Eira (C)
Vermont Primary School,-37.83736,145.1943,Whitehorse (C)
Victoria Road Primary School,-37.75518,145.33611,Yarra Ranges (S)
Viewbank Primary School,-37.73473,145.08999,Banyule (C)
Village School,-37.76375,145.29449,Maroondah (C)
Wahgunyah Primary School,-36.01365,146.39792,Indigo (S)
Wales Street Primary School,-37.76151,145.00883,Darebin (C)
Wallan Primary School,-37.41146,144.97504,Mitchell (S)
Wallarano Primary School,-37.97962,145.17082,Greater Dandenong (C)
Wallaroo Primary School,-38.29789,145.17275,Mornington Peninsula (S)
Wallington Primary School,-38.21788,144.50685,Greater Geelong (C)
Walwa Primary School,-35.96423,147.73215,Towong (S)
Wandiligong Primary School,-36.76886,146.98292,Alpine (S)
Wandin North Primary School,-37.76978,145.40971,Yarra Ranges (S)
Wandin Yallock Primary School,-37.79025,145.43595,Yarra Ranges (S)
Wandong Primary School,-37.3603,145.02786,Mitchell (S)
Wangala Primary School,-38.18571,144.33986,Greater Geelong (C)
Wangaratta Primary School,-36.35528,146.32942,Wangaratta (RC)
Wangaratta West Primary School,-36.35413,146.30442,Wangaratta (RC)
Wantirna Primary School,-37.85626,145.21651,Knox (C)
Wantirna South Primary School,-37.87253,145.23734,Knox (C)
Warburton Primary School,-37.7558,145.7017,Yarra Ranges (S)
Warracknabeal Primary School,-36.25788,142.39126,Yarriambiack (S)
Warragul North Primary School,-38.14811,145.93985,Baw Baw (S)
Warragul Primary School,-38.15634,145.92814,Baw Baw (S)
Warrandyte Primary School,-37.74268,145.21398,Manningham (C)
Warranwood Primary School,-37.77435,145.24698,Maroondah (C)
Warreen Primary School,-37.81622,144.71529,Wyndham (C)
Warrenheip Primary School,-37.5741,143.92743,Ballarat (C)
Warrnambool East Primary School,-38.38959,142.49958,Warrnambool (C)
Warrnambool Primary School,-38.37728,142.48257,Warrnambool (C)
Warrnambool West Primary School,-38.36634,142.4668,Warrnambool (C)
Watsonia Heights Primary School,-37.7153,145.10073,Banyule (C)
Watsonia North Primary School,-37.7004,145.08051,Banyule (C)
Watsonia Primary School,-37.70703,145.08692,Banyule (C)
Wattle Glen Primary School,-37.66884,145.18204,Nillumbik (S)
Wattle Park Primary School,-37.84264,145.09737,Whitehorse (C)
Wattle View Primary School,-37.87582,145.27802,Knox (C)
Waubra Primary School,-37.35384,143.63446,Pyrenees (S)
Waverley Meadows Primary School,-37.91475,145.18428,Monash (C)
Wedge Park Primary School,-37.67562,144.55421,Melton (C)
Weeden Heights Primary School,-37.85916,145.17764,Whitehorse (C)
Welshpool and District Primary School,-38.66552,146.43111,South Gippsland (S)
Wembley Primary School,-37.82104,144.87443,Maribyrnong (C)
Wendouree Primary School,-37.53928,143.82816,Ballarat (C)
Werribee Primary School,-37.90687,144.65874,Wyndham (C)
Wesburn Primary School,-37.76869,145.64707,Yarra Ranges (S)
Westall Primary School,-37.94219,145.13574,Kingston (C)
Westbreen Primary School,-37.71629,144.93548,Merri-bek (C)
Westgarth Primary School,-37.77647,145.00556,Darebin (C)
Westgrove Primary School,-37.8785,144.65953,Wyndham (C)
Westmeadows Primary School,-37.67565,144.8957,Hume (C)
Wheelers Hill Primary School,-37.90017,145.17759,Monash (C)
White Hills Primary School,-36.72794,144.30415,Greater Bendigo (C)
Whitehorse Primary School,-37.80747,145.16699,Whitehorse (C)
Whitfield District Primary School,-36.76558,146.41206,Wangaratta (RC)
Whittington Primary School,-38.17815,144.39501,Greater Geelong (C)
Whittlesea Primary School,-37.51427,145.11405,Whittlesea (C)
Whorouly Primary School,-36.50544,146.58665,Wangaratta (RC)
Wilandra Rise Primary School,-38.10893,145.31981,Casey (C)
Wild Cherry School,-37.82106,147.6078,East Gippsland (S)
Willaura Primary School,-37.54469,142.73946,Ararat (RC)
William Ruthven Primary School,-37.69667,145.00278,Darebin (C)
Williamstown North Primary School,-37.8559,144.89176,Hobsons Bay (C)
Williamstown Primary School,-37.8638,144.90041,Hobsons Bay (C)
Willmott Park Primary School,-37.59178,144.92259,Hume (C)
Willow Grove Primary School,-38.07139,146.17734,Baw Baw (S)
Willowbank Primary School,-37.50394,144.6081,Macedon Ranges (S)
Willowmavin Primary School,-37.25942,144.88823,Mitchell (S)
Wilmot Road Primary School Shepparton,-36.3985,145.4059,Greater Shepparton (C)
Wimba Primary School,-37.8235,144.66907,Wyndham (C)
Winchelsea Primary School,-38.24449,143.98428,Surf Coast (S)
Windsor Primary School,-37.8573,144.99569,Stonnington (C)
Winters Flat Primary School,-37.07016,144.20749,Mount Alexander (S)
Winton Primary School,-36.51633,146.08134,Benalla (RC)
Woady Yaloak Primary School,-37.64352,143.6843,Golden Plains (S)
Wodonga Primary School,-36.12921,146.88982,Wodonga (C)
Wodonga South Primary School,-36.13962,146.89399,Wodonga (C)
Wodonga West Primary School,-36.12241,146.87671,Wodonga (C)
Wollert Primary School,-37.61133,145.02711,Whittlesea (C)
Wonga Park Primary School,-37.73064,145.274,Manningham (C)
Wonthaggi North Primary School,-38.59882,145.60023,Bass Coast (S)
Wonthaggi Primary School,-38.60795,145.58864,Bass Coast (S)
Woodend Primary School,-37.35342,144.53294,Macedon Ranges (S)
Woodford Primary School,-38.31681,142.4845,Warrnambool (C)
Woodlands Primary School,-38.13568,145.20502,Frankston (C)
Woodline Primary,-38.17178,144.28535,Greater Geelong (C)
Woodside Primary School,-38.52633,146.87674,Wellington (S)
Woodville Primary School,-37.88377,144.69123,Wyndham (C)
Woolsthorpe Primary School,-38.18741,142.43176,Moyne (S)
Wooragee Primary School,-36.29048,146.73088,Indigo (S)
Wooranna Park Primary School,-37.96024,145.21636,Greater Dandenong (C)
Woori Yallock Primary School,-37.77737,145.53269,Yarra Ranges (S)
Woorinen District Primary School,-35.29041,143.45374,Swan Hill (RC)
Wunghnu Primary School,-36.15066,145.4306,Moira (S)
Wurruk Primary School,-38.1068,147.03995,Wellington (S)
Wyndham Park Primary School,-37.88487,144.67655,Wyndham (C)
Wyndham Vale Primary School,-37.89556,144.60961,Wyndham (C)
Yackandandah Primary School,-36.3121,146.83646,Indigo (S)
Yallourn North Primary School,-38.16321,146.36222,Latrobe (C)
Yandoit Primary School,-37.214,144.08844,Hepburn (S)
Yarra Glen Primary School,-37.6497,145.37241,Yarra Ranges (S)
Yarra Junction Primary School,-37.77903,145.60608,Yarra Ranges (S)
Yarra Primary School,-37.81464,145.00748,Yarra (C)
Yarra Road Primary School,-37.7664,145.27223,Maroondah (C)
Yarragon Primary School,-38.20937,146.06096,Baw Baw (S)
Yarram Primary School,-38.55853,146.67532,Wellington (S)
Yarraman Oaks Primary School,-37.97029,145.19153,Greater Dandenong (C)
Yarrambat Primary School,-37.64124,145.1331,Nillumbik (S)
Yarraville West Primary School,-37.81475,144.88539,Maribyrnong (C)
Yarrunga Primary School,-36.37256,146.31718,Wangaratta (RC)
Yea Primary School,-37.21273,145.4283,Murrindindi (S)
Yering Primary School,-37.70535,145.38222,Yarra Ranges (S)
Yinnar Primary School,-38.32109,146.32891,Latrobe (C)
Yinnar South Primary School,-38.36891,146.36481,Latrobe (C)
Yubup Primary School,-37.54299,144.89382,Hume (C)
Zeerust Primary School,-36.2772,145.40507,Greater Shepparton (C)
